lineage	sublineages
A	A.1,A.2,A.3,A.4,A.5,A.6,A.7,A.9,A.11,A.12,A.15,A.16,A.17,A.18,A.19,A.21,A.22,A.23,A.24,A.25,A.26,A.27,A.28,A.29,A.30
A.1	none
A.2	A.2.2,A.2.3,A.2.4,A.2.5
A.2.2	none
A.2.3	none
A.2.4	none
A.2.5	A.2.5.1,A.2.5.2,A.2.5.3
A.2.5.1	none
A.2.5.2	none
A.2.5.3	none
A.3	none
A.4	none
A.5	none
A.6	none
A.7	none
A.9	none
A.11	none
A.12	none
A.15	none
A.16	none
A.17	none
A.18	none
A.19	none
A.21	none
A.22	none
A.23	A.23.1
A.23.1	none
A.24	none
A.25	none
A.26	none
A.27	none
A.28	none
A.29	none
A.30	none
B	B.1,B.3,B.4,B.5,B.6,B.10,B.11,B.12,B.13,B.15,B.18,B.19,B.20,B.23,B.26,B.27,B.28,B.29,B.30,B.31,B.32,B.33,B.34,B.35,B.36,B.37,B.38,B.39,B.40,B.41,B.42,B.43,B.44,B.45,B.46,B.47,B.49,B.50,B.51,B.52,B.53,B.55,B.56,B.57,B.58,B.60,B.61
B.1	B.1.1,B.1.2,B.1.3,B.1.6,B.1.8,B.1.12,B.1.13,B.1.14,B.1.22,B.1.23,B.1.35,B.1.36,B.1.37,B.1.38,B.1.39,B.1.40,B.1.44,B.1.67,B.1.69,B.1.70,B.1.76,B.1.77,B.1.78,B.1.81,B.1.83,B.1.84,B.1.91,B.1.93,B.1.94,B.1.96,B.1.97,B.1.103,B.1.104,B.1.105,B.1.106,B.1.108,B.1.110,B.1.111,B.1.112,B.1.113,B.1.115,B.1.116,B.1.117,B.1.118,B.1.119,B.1.120,B.1.124,B.1.126,B.1.127,B.1.128,B.1.131,B.1.134,B.1.137,B.1.139,B.1.140,B.1.142,B.1.143,B.1.145,B.1.146,B.1.147,B.1.149,B.1.151,B.1.153,B.1.157,B.1.158,B.1.159,B.1.160,B.1.161,B.1.162,B.1.163,B.1.164,B.1.165,B.1.166,B.1.167,B.1.168,B.1.169,B.1.170,B.1.173,B.1.177,B.1.178,B.1.179,B.1.180,B.1.181,B.1.182,B.1.184,B.1.187,B.1.188,B.1.189,B.1.190,B.1.192,B.1.194,B.1.195,B.1.198,B.1.199,B.1.201,B.1.203,B.1.206,B.1.205,B.1.208,B.1.210,B.1.211,B.1.212,B.1.213,B.1.214,B.1.215,B.1.218,B.1.219,B.1.220,B.1.221,B.1.222,B.1.223,B.1.224,B.1.225,B.1.227,B.1.229,B.1.231,B.1.232,B.1.233,B.1.234,B.1.235,B.1.236,B.1.237,B.1.238,B.1.239,B.1.240,B.1.241,B.1.243,B.1.242,B.1.245,B.1.247,B.1.249,B.1.248,B.1.250,B.1.251,B.1.252,B.1.254,B.1.256,B.1.258,B.1.260,B.1.263,B.1.264,B.1.265,B.1.267,B.1.268,B.1.270,B.1.273,B.1.274,B.1.276,B.1.277,B.1.279,B.1.280,B.1.281,B.1.282,B.1.284,B.1.285,B.1.287,B.1.289,B.1.291,B.1.292,B.1.293,B.1.294,B.1.298,B.1.301,B.1.302,B.1.304,B.1.305,B.1.306,B.1.308,B.1.309,B.1.310,B.1.311,B.1.313,B.1.314,B.1.315,B.1.316,B.1.318,B.1.319,B.1.320,B.1.321,B.1.323,B.1.324,B.1.325,B.1.326,B.1.328,B.1.329,B.1.330,B.1.332,B.1.333,B.1.334,B.1.335,B.1.336,B.1.337,B.1.338,B.1.340,B.1.341,B.1.342,B.1.344,B.1.346,B.1.348,B.1.349,B.1.350,B.1.351,B.1.343,B.1.354,B.1.355,B.1.356,B.1.357,B.1.358,B.1.359,B.1.360,B.1.361,B.1.362,B.1.363,B.1.366,B.1.367,B.1.369,B.1.370,B.1.371,B.1.372,B.1.375,B.1.377,B.1.378,B.1.379,B.1.380,B.1.381,B.1.382,B.1.383,B.1.384,B.1.385,B.1.387,B.1.388,B.1.389,B.1.390,B.1.391,B.1.393,B.1.395,B.1.396,B.1.397,B.1.398,B.1.399,B.1.400,B.1.401,B.1.402,B.1.403,B.1.404,B.1.405,B.1.406,B.1.407,B.1.408,B.1.409,B.1.411,B.1.413,B.1.415,B.1.416,B.1.417,B.1.418,B.1.420,B.1.421,B.1.422,B.1.423,B.1.424,B.1.425,B.1.426,B.1.427,B.1.428,B.1.429,B.1.431,B.1.432,B.1.433,B.1.434,B.1.435,B.1.436,B.1.437,B.1.438,B.1.439,B.1.441,B.1.442,B.1.443,B.1.444,B.1.445,B.1.446,B.1.448,B.1.450,B.1.451,B.1.452,B.1.453,B.1.456,B.1.458,B.1.459,B.1.460,B.1.462,B.1.463,B.1.465,B.1.466,B.1.467,B.1.468,B.1.469,B.1.470,B.1.471,B.1.473,B.1.474,B.1.475,B.1.476,B.1.478,B.1.479,B.1.480,B.1.482,B.1.483,B.1.485,B.1.486,B.1.487,B.1.488,B.1.489,B.1.490,B.1.491,B.1.492,B.1.493,B.1.494,B.1.495,B.1.496,B.1.497,B.1.498,B.1.499,B.1.500,B.1.501,B.1.502,B.1.503,B.1.504,B.1.505,B.1.506,B.1.507,B.1.508,B.1.509,B.1.510,B.1.511,B.1.513,B.1.515,B.1.516,B.1.517,B.1.518,B.1.520,B.1.521,B.1.523,B.1.524,B.1.525,B.1.526,B.1.527,B.1.528,B.1.529,B.1.530,B.1.531,B.1.532,B.1.533,B.1.534,B.1.535,B.1.536,B.1.537,B.1.538,B.1.539,B.1.540,B.1.541,B.1.542,B.1.543,B.1.544,B.1.545,B.1.546,B.1.547,B.1.548,B.1.549,B.1.550,B.1.551,B.1.552,B.1.554,B.1.555,B.1.556,B.1.557,B.1.558,B.1.559,B.1.560,B.1.561,B.1.562,B.1.563,B.1.564,B.1.565,B.1.566,B.1.567,B.1.568,B.1.569,B.1.570,B.1.571,B.1.572,B.1.573,B.1.574,B.1.575,B.1.576,B.1.577,B.1.578,B.1.579,B.1.580,B.1.581,B.1.582,B.1.585,B.1.586,B.1.587,B.1.588,B.1.589,B.1.590,B.1.591,B.1.592,B.1.593,B.1.594,B.1.595,B.1.596,B.1.597,B.1.598,B.1.599,B.1.600,B.1.601,B.1.602,B.1.603,B.1.604,B.1.605,B.1.606,B.1.607,B.1.609,B.1.610,B.1.611,B.1.612,B.1.613,B.1.614,B.1.615,B.1.616,B.1.617,B.1.618,B.1.619,B.1.620,B.1.621,B.1.622,B.1.623,B.1.625,B.1.626,B.1.627,B.1.629,B.1.630,B.1.631,B.1.632,B.1.633,B.1.634,B.1.635,B.1.636,B.1.637,B.1.638,B.1.639,B.1.640,B.1.641,B.1.9
B.1.1	B.1.1.1,B.1.1.3,B.1.1.4,B.1.1.5,B.1.1.7,B.1.1.8,B.1.1.10,B.1.1.12,B.1.1.13,B.1.1.14,B.1.1.15,B.1.1.16,B.1.1.17,B.1.1.25,B.1.1.26,B.1.1.27,B.1.1.28,B.1.1.29,B.1.1.30,B.1.1.31,B.1.1.33,B.1.1.34,B.1.1.37,B.1.1.38,B.1.1.39,B.1.1.40,B.1.1.41,B.1.1.43,B.1.1.44,B.1.1.45,B.1.1.46,B.1.1.47,B.1.1.48,B.1.1.49,B.1.1.50,B.1.1.51,B.1.1.52,B.1.1.53,B.1.1.54,B.1.1.55,B.1.1.56,B.1.1.57,B.1.1.58,B.1.1.59,B.1.1.61,B.1.1.62,B.1.1.63,B.1.1.67,B.1.1.70,B.1.1.71,B.1.1.72,B.1.1.74,B.1.1.75,B.1.1.77,B.1.1.82,B.1.1.83,B.1.1.84,B.1.1.86,B.1.1.87,B.1.1.88,B.1.1.89,B.1.1.90,B.1.1.91,B.1.1.92,B.1.1.93,B.1.1.95,B.1.1.97,B.1.1.98,B.1.1.99,B.1.1.100,B.1.1.101,B.1.1.107,B.1.1.109,B.1.1.110,B.1.1.111,B.1.1.112,B.1.1.113,B.1.1.114,B.1.1.115,B.1.1.116,B.1.1.117,B.1.1.118,B.1.1.119,B.1.1.120,B.1.1.121,B.1.1.122,B.1.1.123,B.1.1.125,B.1.1.127,B.1.1.128,B.1.1.129,B.1.1.130,B.1.1.132,B.1.1.133,B.1.1.134,B.1.1.135,B.1.1.136,B.1.1.137,B.1.1.138,B.1.1.139,B.1.1.141,B.1.1.142,B.1.1.144,B.1.1.145,B.1.1.147,B.1.1.148,B.1.1.149,B.1.1.152,B.1.1.153,B.1.1.154,B.1.1.155,B.1.1.157,B.1.1.158,B.1.1.159,B.1.1.160,B.1.1.161,B.1.1.162,B.1.1.163,B.1.1.164,B.1.1.165,B.1.1.166,B.1.1.168,B.1.1.169,B.1.1.170,B.1.1.171,B.1.1.172,B.1.1.174,B.1.1.175,B.1.1.176,B.1.1.177,B.1.1.178,B.1.1.180,B.1.1.181,B.1.1.182,B.1.1.184,B.1.1.185,B.1.1.186,B.1.1.187,B.1.1.189,B.1.1.190,B.1.1.191,B.1.1.192,B.1.1.193,B.1.1.194,B.1.1.196,B.1.1.197,B.1.1.198,B.1.1.200,B.1.1.201,B.1.1.202,B.1.1.203,B.1.1.204,B.1.1.205,B.1.1.207,B.1.1.208,B.1.1.209,B.1.1.210,B.1.1.213,B.1.1.214,B.1.1.216,B.1.1.217,B.1.1.218,B.1.1.219,B.1.1.220,B.1.1.221,B.1.1.222,B.1.1.224,B.1.1.225,B.1.1.226,B.1.1.227,B.1.1.228,B.1.1.229,B.1.1.230,B.1.1.231,B.1.1.232,B.1.1.234,B.1.1.236,B.1.1.237,B.1.1.239,B.1.1.241,B.1.1.240,B.1.1.242,B.1.1.243,B.1.1.244,B.1.1.249,B.1.1.251,B.1.1.253,B.1.1.254,B.1.1.255,B.1.1.256,B.1.1.258,B.1.1.261,B.1.1.257,B.1.1.262,B.1.1.263,B.1.1.265,B.1.1.266,B.1.1.267,B.1.1.268,B.1.1.269,B.1.1.270,B.1.1.271,B.1.1.272,B.1.1.273,B.1.1.274,B.1.1.275,B.1.1.277,B.1.1.279,B.1.1.280,B.1.1.282,B.1.1.283,B.1.1.284,B.1.1.285,B.1.1.286,B.1.1.288,B.1.1.289,B.1.1.290,B.1.1.291,B.1.1.294,B.1.1.296,B.1.1.297,B.1.1.298,B.1.1.299,B.1.1.300,B.1.1.301,B.1.1.302,B.1.1.303,B.1.1.304,B.1.1.305,B.1.1.306,B.1.1.307,B.1.1.308,B.1.1.309,B.1.1.310,B.1.1.311,B.1.1.312,B.1.1.315,B.1.1.316,B.1.1.317,B.1.1.318,B.1.1.319,B.1.1.320,B.1.1.322,B.1.1.323,B.1.1.324,B.1.1.325,B.1.1.326,B.1.1.327,B.1.1.328,B.1.1.329,B.1.1.330,B.1.1.331,B.1.1.332,B.1.1.333,B.1.1.334,B.1.1.335,B.1.1.336,B.1.1.337,B.1.1.338,B.1.1.339,B.1.1.340,B.1.1.341,B.1.1.342,B.1.1.343,B.1.1.344,B.1.1.345,B.1.1.346,B.1.1.347,B.1.1.348,B.1.1.349,B.1.1.350,B.1.1.351,B.1.1.352,B.1.1.353,B.1.1.354,B.1.1.355,B.1.1.356,B.1.1.357,B.1.1.358,B.1.1.359,B.1.1.360,B.1.1.361,B.1.1.362,B.1.1.363,B.1.1.364,B.1.1.365,B.1.1.366,B.1.1.367,B.1.1.368,B.1.1.369,B.1.1.370,B.1.1.371,B.1.1.372,B.1.1.373,B.1.1.374,B.1.1.375,B.1.1.376,B.1.1.377,B.1.1.378,B.1.1.379,B.1.1.380,B.1.1.381,B.1.1.382,B.1.1.383,B.1.1.384,B.1.1.385,B.1.1.386,B.1.1.387,B.1.1.388,B.1.1.389,B.1.1.391,B.1.1.392,B.1.1.393,B.1.1.394,B.1.1.395,B.1.1.396,B.1.1.397,B.1.1.398,B.1.1.399,B.1.1.400,B.1.1.401,B.1.1.402,B.1.1.403,B.1.1.404,B.1.1.405,B.1.1.406,B.1.1.407,B.1.1.408,B.1.1.409,B.1.1.410,B.1.1.411,B.1.1.412,B.1.1.413,B.1.1.414,B.1.1.415,B.1.1.416,B.1.1.417,B.1.1.418,B.1.1.419,B.1.1.420,B.1.1.421,B.1.1.422,B.1.1.423,B.1.1.424,B.1.1.425,B.1.1.426,B.1.1.427,B.1.1.428,B.1.1.429,B.1.1.430,B.1.1.431,B.1.1.432,B.1.1.433,B.1.1.434,B.1.1.435,B.1.1.436,B.1.1.437,B.1.1.438,B.1.1.440,B.1.1.441,B.1.1.442,B.1.1.444,B.1.1.445,B.1.1.446,B.1.1.447,B.1.1.448,B.1.1.449,B.1.1.450,B.1.1.451,B.1.1.452,B.1.1.453,B.1.1.456,B.1.1.458,B.1.1.459,B.1.1.461,B.1.1.462,B.1.1.463,B.1.1.464,B.1.1.465,B.1.1.466,B.1.1.467,B.1.1.480,B.1.1.481,B.1.1.482,B.1.1.483,B.1.1.484,B.1.1.485,B.1.1.486,B.1.1.487,B.1.1.500,B.1.1.506,B.1.1.507,B.1.1.512,B.1.1.513,B.1.1.514,B.1.1.515,B.1.1.516,B.1.1.517,B.1.1.518,B.1.1.519,B.1.1.521,B.1.1.522,B.1.1.523,B.1.1.524,B.1.1.525,B.1.1.526,B.1.1.528,B.1.1.529
B.1.1.1	C.1,C.2,C.3,C.4,C.5,C.6,C.7,C.8,C.9,C.10,C.11,C.12,C.13,C.14,C.16,C.17,C.18,C.19,C.20,C.21,C.22,C.23,C.25,C.26,C.27,C.28,C.29,C.30,C.31,C.32,C.33,C.34,C.35,C.36,C.37,C.38,C.39,C.40
C.1	C.1.1,C.1.2
C.1.1	none
C.1.2	none
C.2	C.2.1
C.2.1	none
C.3	none
C.4	none
C.5	none
C.6	none
C.7	none
C.8	none
C.9	none
C.10	none
C.11	none
C.12	none
C.13	none
C.14	none
C.16	none
C.17	none
C.18	none
C.19	none
C.20	none
C.21	none
C.22	none
C.23	none
C.25	none
C.26	none
C.27	none
C.28	none
C.29	none
C.30	C.30.1
C.30.1	none
C.31	none
C.32	none
C.33	none
C.34	none
C.35	none
C.36	C.36.1,C.36.2,C.36.3
C.36.1	none
C.36.2	none
C.36.3	C.36.3.1
C.36.3.1	none
C.37	C.37.1
C.37.1	none
C.38	none
C.39	none
C.40	none
B.1.1.3	none
B.1.1.4	none
B.1.1.5	none
B.1.1.7	Q.1,Q.2,Q.3,Q.4,Q.5,Q.6,Q.7,Q.8
Q.1	none
Q.2	none
Q.3	none
Q.4	none
Q.5	none
Q.6	none
Q.7	none
Q.8	none
B.1.1.8	none
B.1.1.10	L.1,L.2,L.3,L.4
L.1	none
L.2	none
L.3	none
L.4	none
B.1.1.12	none
B.1.1.13	none
B.1.1.14	none
B.1.1.15	none
B.1.1.16	none
B.1.1.17	none
B.1.1.25	D.2,D.3,D.4,D.5
D.2	none
D.3	none
D.4	none
D.5	none
B.1.1.26	none
B.1.1.27	none
B.1.1.28	P.1,P.2,P.3,P.4,P.5,P.6,P.7
P.1	P.1.1,P.1.2,P.1.3,P.1.4,P.1.5,P.1.6,P.1.7,P.1.8,P.1.9,P.1.10,P.1.11,P.1.12,P.1.13,P.1.14,P.1.15,P.1.16,P.1.17
P.1.1	none
P.1.2	none
P.1.3	none
P.1.4	none
P.1.5	none
P.1.6	none
P.1.7	P.1.7.1
P.1.7.1	none
P.1.8	none
P.1.9	none
P.1.10	P.1.10.1,P.1.10.2
P.1.10.1	none
P.1.10.2	none
P.1.11	none
P.1.12	P.1.12.1
P.1.12.1	none
P.1.13	none
P.1.14	none
P.1.15	none
P.1.16	none
P.1.17	P.1.17.1
P.1.17.1	none
P.2	none
P.3	none
P.4	none
P.5	none
P.6	none
P.7	none
B.1.1.29	none
B.1.1.30	none
B.1.1.31	none
B.1.1.33	N.1,N.2,N.3,N.4,N.5,N.6,N.7,N.8,N.9,N.10
N.1	none
N.2	none
N.3	none
N.4	none
N.5	none
N.6	none
N.7	none
N.8	none
N.9	none
N.10	none
B.1.1.34	none
B.1.1.37	none
B.1.1.38	none
B.1.1.39	AQ.1,AQ.2
AQ.1	none
AQ.2	none
B.1.1.40	none
B.1.1.41	none
B.1.1.43	none
B.1.1.44	none
B.1.1.45	none
B.1.1.46	none
B.1.1.47	none
B.1.1.48	none
B.1.1.49	none
B.1.1.50	none
B.1.1.51	none
B.1.1.52	none
B.1.1.53	none
B.1.1.54	none
B.1.1.55	none
B.1.1.56	none
B.1.1.57	none
B.1.1.58	none
B.1.1.59	none
B.1.1.61	none
B.1.1.62	none
B.1.1.63	none
B.1.1.67	none
B.1.1.70	AP.1
AP.1	none
B.1.1.71	none
B.1.1.72	none
B.1.1.74	none
B.1.1.75	none
B.1.1.77	none
B.1.1.82	none
B.1.1.83	none
B.1.1.84	none
B.1.1.86	none
B.1.1.87	none
B.1.1.88	none
B.1.1.89	none
B.1.1.90	none
B.1.1.91	none
B.1.1.92	none
B.1.1.93	none
B.1.1.95	none
B.1.1.97	none
B.1.1.98	none
B.1.1.99	none
B.1.1.100	none
B.1.1.101	none
B.1.1.107	none
B.1.1.109	none
B.1.1.110	none
B.1.1.111	none
B.1.1.112	none
B.1.1.113	none
B.1.1.114	none
B.1.1.115	none
B.1.1.116	none
B.1.1.117	none
B.1.1.118	none
B.1.1.119	none
B.1.1.120	none
B.1.1.121	none
B.1.1.122	none
B.1.1.123	none
B.1.1.125	none
B.1.1.127	none
B.1.1.128	none
B.1.1.129	none
B.1.1.130	none
B.1.1.132	none
B.1.1.133	none
B.1.1.134	none
B.1.1.135	none
B.1.1.136	none
B.1.1.137	none
B.1.1.138	none
B.1.1.139	none
B.1.1.141	none
B.1.1.142	none
B.1.1.144	none
B.1.1.145	none
B.1.1.147	none
B.1.1.148	none
B.1.1.149	none
B.1.1.152	none
B.1.1.153	none
B.1.1.154	none
B.1.1.155	none
B.1.1.157	none
B.1.1.158	none
B.1.1.159	none
B.1.1.160	none
B.1.1.161	none
B.1.1.162	none
B.1.1.163	none
B.1.1.164	none
B.1.1.165	none
B.1.1.166	none
B.1.1.168	none
B.1.1.169	none
B.1.1.170	none
B.1.1.171	none
B.1.1.172	none
B.1.1.174	none
B.1.1.175	none
B.1.1.176	none
B.1.1.177	none
B.1.1.178	none
B.1.1.180	none
B.1.1.181	none
B.1.1.182	none
B.1.1.184	none
B.1.1.185	none
B.1.1.186	none
B.1.1.187	none
B.1.1.189	none
B.1.1.190	none
B.1.1.191	none
B.1.1.192	none
B.1.1.193	none
B.1.1.194	none
B.1.1.196	none
B.1.1.197	none
B.1.1.198	none
B.1.1.200	AN.1
AN.1	none
B.1.1.201	none
B.1.1.202	none
B.1.1.203	none
B.1.1.204	none
B.1.1.205	none
B.1.1.207	none
B.1.1.208	none
B.1.1.209	none
B.1.1.210	none
B.1.1.213	none
B.1.1.214	none
B.1.1.216	AM.1,AM.2,AM.3,AM.4
AM.1	none
AM.2	none
AM.3	none
AM.4	none
B.1.1.217	S.1
S.1	none
B.1.1.218	none
B.1.1.219	none
B.1.1.220	none
B.1.1.221	none
B.1.1.222	none
B.1.1.224	none
B.1.1.225	none
B.1.1.226	none
B.1.1.227	none
B.1.1.228	none
B.1.1.229	none
B.1.1.230	none
B.1.1.231	AL.1
AL.1	none
B.1.1.232	AK.1,AK.2
AK.1	none
AK.2	none
B.1.1.234	none
B.1.1.236	none
B.1.1.237	none
B.1.1.239	none
B.1.1.241	AH.1,AH.2,AH.3
AH.1	none
AH.2	none
AH.3	none
B.1.1.240	AJ.1
AJ.1	none
B.1.1.242	none
B.1.1.243	none
B.1.1.244	none
B.1.1.249	none
B.1.1.251	none
B.1.1.253	none
B.1.1.254	none
B.1.1.255	none
B.1.1.256	none
B.1.1.258	none
B.1.1.261	none
B.1.1.257	none
B.1.1.262	none
B.1.1.263	none
B.1.1.265	none
B.1.1.266	none
B.1.1.267	none
B.1.1.268	none
B.1.1.269	none
B.1.1.270	none
B.1.1.271	none
B.1.1.272	none
B.1.1.273	none
B.1.1.274	none
B.1.1.275	none
B.1.1.277	K.1,K.2,K.3
K.1	none
K.2	none
K.3	none
B.1.1.279	none
B.1.1.280	none
B.1.1.282	none
B.1.1.283	none
B.1.1.284	none
B.1.1.285	none
B.1.1.286	none
B.1.1.288	none
B.1.1.289	none
B.1.1.290	none
B.1.1.291	none
B.1.1.294	M.1,M.2,M.3
M.1	none
M.2	none
M.3	none
B.1.1.296	none
B.1.1.297	AG.1
AG.1	none
B.1.1.298	none
B.1.1.299	none
B.1.1.300	none
B.1.1.301	none
B.1.1.302	none
B.1.1.303	none
B.1.1.304	none
B.1.1.305	AF.1
AF.1	none
B.1.1.306	AE.1,AE.2,AE.3,AE.4,AE.5,AE.6,AE.7,AE.8
AE.1	none
AE.2	none
AE.3	none
AE.4	none
AE.5	none
AE.6	none
AE.7	none
AE.8	none
B.1.1.307	none
B.1.1.308	none
B.1.1.309	none
B.1.1.310	none
B.1.1.311	none
B.1.1.312	none
B.1.1.315	AD.1,AD.2
AD.1	none
AD.2	AD.2.1
AD.2.1	none
B.1.1.316	R.1,R.2
R.1	none
R.2	none
B.1.1.317	AS.1,AS.2
AS.1	none
AS.2	none
B.1.1.318	AZ.1,AZ.2,AZ.3,AZ.4,AZ.5,AZ.6
AZ.1	none
AZ.2	AZ.2.1
AZ.2.1	none
AZ.3	none
AZ.4	none
AZ.5	none
AZ.6	none
B.1.1.319	none
B.1.1.320	none
B.1.1.322	none
B.1.1.323	none
B.1.1.324	none
B.1.1.325	none
B.1.1.326	none
B.1.1.327	none
B.1.1.328	none
B.1.1.329	none
B.1.1.330	none
B.1.1.331	none
B.1.1.332	none
B.1.1.333	none
B.1.1.334	none
B.1.1.335	none
B.1.1.336	none
B.1.1.337	none
B.1.1.338	none
B.1.1.339	none
B.1.1.340	none
B.1.1.341	none
B.1.1.342	none
B.1.1.343	none
B.1.1.344	none
B.1.1.345	none
B.1.1.346	none
B.1.1.347	none
B.1.1.348	none
B.1.1.349	none
B.1.1.350	none
B.1.1.351	none
B.1.1.352	none
B.1.1.353	none
B.1.1.354	none
B.1.1.355	none
B.1.1.356	none
B.1.1.357	none
B.1.1.358	none
B.1.1.359	none
B.1.1.360	none
B.1.1.361	none
B.1.1.362	none
B.1.1.363	none
B.1.1.364	none
B.1.1.365	none
B.1.1.366	none
B.1.1.367	none
B.1.1.368	none
B.1.1.369	none
B.1.1.370	AT.1
AT.1	none
B.1.1.371	none
B.1.1.372	none
B.1.1.373	none
B.1.1.374	none
B.1.1.375	none
B.1.1.376	none
B.1.1.377	none
B.1.1.378	none
B.1.1.379	none
B.1.1.380	none
B.1.1.381	none
B.1.1.382	none
B.1.1.383	none
B.1.1.384	none
B.1.1.385	none
B.1.1.386	none
B.1.1.387	none
B.1.1.388	none
B.1.1.389	none
B.1.1.391	none
B.1.1.392	none
B.1.1.393	none
B.1.1.394	none
B.1.1.395	none
B.1.1.396	none
B.1.1.397	none
B.1.1.398	none
B.1.1.399	none
B.1.1.400	none
B.1.1.401	none
B.1.1.402	none
B.1.1.403	none
B.1.1.404	none
B.1.1.405	AC.1
AC.1	none
B.1.1.406	none
B.1.1.407	none
B.1.1.408	none
B.1.1.409	none
B.1.1.410	none
B.1.1.411	none
B.1.1.412	none
B.1.1.413	none
B.1.1.414	none
B.1.1.415	none
B.1.1.416	none
B.1.1.417	none
B.1.1.418	none
B.1.1.419	none
B.1.1.420	none
B.1.1.421	none
B.1.1.422	none
B.1.1.423	none
B.1.1.424	none
B.1.1.425	none
B.1.1.426	none
B.1.1.427	none
B.1.1.428	none
B.1.1.429	none
B.1.1.430	none
B.1.1.431	none
B.1.1.432	none
B.1.1.433	none
B.1.1.434	none
B.1.1.435	none
B.1.1.436	none
B.1.1.437	none
B.1.1.438	none
B.1.1.440	none
B.1.1.441	none
B.1.1.442	none
B.1.1.444	none
B.1.1.445	none
B.1.1.446	none
B.1.1.447	none
B.1.1.448	none
B.1.1.449	none
B.1.1.450	none
B.1.1.451	none
B.1.1.452	none
B.1.1.453	none
B.1.1.456	none
B.1.1.458	none
B.1.1.459	none
B.1.1.461	none
B.1.1.462	none
B.1.1.463	none
B.1.1.464	AW.1
AW.1	none
B.1.1.465	none
B.1.1.466	none
B.1.1.467	none
B.1.1.480	none
B.1.1.481	none
B.1.1.482	AV.1
AV.1	none
B.1.1.483	none
B.1.1.484	none
B.1.1.485	none
B.1.1.486	none
B.1.1.487	none
B.1.1.500	none
B.1.1.506	none
B.1.1.507	none
B.1.1.512	none
B.1.1.513	none
B.1.1.514	none
B.1.1.515	none
B.1.1.516	none
B.1.1.517	none
B.1.1.518	none
B.1.1.519	none
B.1.1.521	none
B.1.1.522	none
B.1.1.523	none
B.1.1.524	none
B.1.1.525	none
B.1.1.526	none
B.1.1.528	none
B.1.1.529	BA.1,BA.2,BA.3,BA.4,BA.5
BA.1	BA.1.1,BA.1.2,BA.1.3,BA.1.4,BA.1.5,BA.1.6,BA.1.7,BA.1.8,BA.1.9,BA.1.10,BA.1.12,BA.1.13,BA.1.14,BA.1.15,BA.1.16,BA.1.17,BA.1.18,BA.1.19,BA.1.20,BA.1.21,BA.1.22,BA.1.23,BA.1.24
BA.1.1	BA.1.1.1,BA.1.1.2,BA.1.1.3,BA.1.1.4,BA.1.1.5,BA.1.1.6,BA.1.1.7,BA.1.1.8,BA.1.1.9,BA.1.1.10,BA.1.1.11,BA.1.1.12,BA.1.1.13,BA.1.1.14,BA.1.1.15,BA.1.1.16,BA.1.1.17,BA.1.1.18
BA.1.1.1	BC.1,BC.2
BC.1	none
BC.2	none
BA.1.1.2	none
BA.1.1.3	none
BA.1.1.4	none
BA.1.1.5	none
BA.1.1.6	none
BA.1.1.7	none
BA.1.1.8	none
BA.1.1.9	none
BA.1.1.10	none
BA.1.1.11	none
BA.1.1.12	none
BA.1.1.13	none
BA.1.1.14	none
BA.1.1.15	none
BA.1.1.16	none
BA.1.1.17	none
BA.1.1.18	none
BA.1.2	none
BA.1.3	none
BA.1.4	none
BA.1.5	none
BA.1.6	none
BA.1.7	none
BA.1.8	none
BA.1.9	none
BA.1.10	none
BA.1.12	none
BA.1.13	BA.1.13.1
BA.1.13.1	none
BA.1.14	BA.1.14.1,BA.1.14.2
BA.1.14.1	none
BA.1.14.2	none
BA.1.15	BA.1.15.1,BA.1.15.2,BA.1.15.3
BA.1.15.1	none
BA.1.15.2	none
BA.1.15.3	none
BA.1.16	BA.1.16.1,BA.1.16.2
BA.1.16.1	none
BA.1.16.2	none
BA.1.17	BA.1.17.1,BA.1.17.2
BA.1.17.1	none
BA.1.17.2	BD.1
BD.1	none
BA.1.18	none
BA.1.19	none
BA.1.20	none
BA.1.21	BA.1.21.1
BA.1.21.1	none
BA.1.22	none
BA.1.23	none
BA.1.24	none
BA.2	BA.2.1,BA.2.2,BA.2.3,BA.2.4,BA.2.5,BA.2.6,BA.2.7,BA.2.8,BA.2.9,BA.2.10,BA.2.11,BA.2.12,BA.2.13,BA.2.14,BA.2.15,BA.2.16,BA.2.17,BA.2.18,BA.2.19,BA.2.20,BA.2.21,BA.2.22,BA.2.23,BA.2.24,BA.2.25,BA.2.26,BA.2.27,BA.2.28,BA.2.29,BA.2.30,BA.2.31,BA.2.32,BA.2.33,BA.2.34,BA.2.35,BA.2.36,BA.2.37,BA.2.38,BA.2.39,BA.2.40,BA.2.41,BA.2.42,BA.2.43,BA.2.44,BA.2.45,BA.2.46,BA.2.47,BA.2.48,BA.2.49,BA.2.50,BA.2.51,BA.2.52,BA.2.53,BA.2.54,BA.2.55,BA.2.56,BA.2.57,BA.2.58,BA.2.59,BA.2.60,BA.2.61,BA.2.62,BA.2.63,BA.2.64,BA.2.65,BA.2.66,BA.2.67,BA.2.68,BA.2.69,BA.2.70,BA.2.71,BA.2.72,BA.2.73,BA.2.74,BA.2.75,BA.2.76,BA.2.77,BA.2.78,BA.2.79,BA.2.80,BA.2.81,BA.2.82,BA.2.83,BA.2.85,BA.2.86,BA.2.87
BA.2.1	none
BA.2.2	BA.2.2.1
BA.2.2.1	none
BA.2.3	BA.2.3.1,BA.2.3.2,BA.2.3.4,BA.2.3.5,BA.2.3.6,BA.2.3.7,BA.2.3.8,BA.2.3.9,BA.2.3.10,BA.2.3.11,BA.2.3.12,BA.2.3.13,BA.2.3.14,BA.2.3.15,BA.2.3.16,BA.2.3.17,BA.2.3.18,BA.2.3.19,BA.2.3.20,BA.2.3.21,BA.2.3.22
BA.2.3.1	none
BA.2.3.2	BS.1
BS.1	BS.1.1,BS.1.2
BS.1.1	none
BS.1.2	none
BA.2.3.4	none
BA.2.3.5	none
BA.2.3.6	none
BA.2.3.7	none
BA.2.3.8	none
BA.2.3.9	none
BA.2.3.10	none
BA.2.3.11	none
BA.2.3.12	none
BA.2.3.13	none
BA.2.3.14	none
BA.2.3.15	none
BA.2.3.16	BP.1
BP.1	none
BA.2.3.17	none
BA.2.3.18	none
BA.2.3.19	none
BA.2.3.20	CM.1,CM.2,CM.3,CM.4,CM.5,CM.6,CM.7,CM.8,CM.9,CM.10,CM.11,CM.12
CM.1	none
CM.2	CM.2.1
CM.2.1	none
CM.3	none
CM.4	CM.4.1
CM.4.1	none
CM.5	CM.5.1,CM.5.2
CM.5.1	none
CM.5.2	none
CM.6	CM.6.1
CM.6.1	none
CM.7	CM.7.1
CM.7.1	CM.7.1.1
CM.7.1.1	none
CM.8	CM.8.1
CM.8.1	CM.8.1.1,CM.8.1.2,CM.8.1.3,CM.8.1.4,CM.8.1.5
CM.8.1.1	FV.1
FV.1	none
CM.8.1.2	none
CM.8.1.3	none
CM.8.1.4	none
CM.8.1.5	none
CM.9	none
CM.10	none
CM.11	none
CM.12	none
BA.2.3.21	DD.1
DD.1	none
BA.2.3.22	none
BA.2.4	none
BA.2.5	none
BA.2.6	none
BA.2.7	none
BA.2.8	none
BA.2.9	BA.2.9.1,BA.2.9.2,BA.2.9.3,BA.2.9.4,BA.2.9.5,BA.2.9.6,BA.2.9.7
BA.2.9.1	none
BA.2.9.2	none
BA.2.9.3	none
BA.2.9.4	none
BA.2.9.5	none
BA.2.9.6	none
BA.2.9.7	none
BA.2.10	BA.2.10.1,BA.2.10.2,BA.2.10.3,BA.2.10.4
BA.2.10.1	BJ.1
BJ.1	none
BA.2.10.2	none
BA.2.10.3	none
BA.2.10.4	none
BA.2.11	none
BA.2.12	BA.2.12.1,BA.2.12.2
BA.2.12.1	BG.1,BG.2,BG.3,BG.4,BG.5,BG.6,BG.7
BG.1	none
BG.2	none
BG.3	none
BG.4	none
BG.5	none
BG.6	none
BG.7	none
BA.2.12.2	none
BA.2.13	BA.2.13.1
BA.2.13.1	none
BA.2.14	none
BA.2.15	none
BA.2.16	none
BA.2.17	none
BA.2.18	none
BA.2.19	none
BA.2.20	none
BA.2.21	none
BA.2.22	none
BA.2.23	BA.2.23.1
BA.2.23.1	none
BA.2.24	none
BA.2.25	BA.2.25.1
BA.2.25.1	none
BA.2.26	none
BA.2.27	none
BA.2.28	none
BA.2.29	none
BA.2.30	none
BA.2.31	BA.2.31.1
BA.2.31.1	none
BA.2.32	none
BA.2.33	none
BA.2.34	none
BA.2.35	none
BA.2.36	none
BA.2.37	none
BA.2.38	BA.2.38.1,BA.2.38.2,BA.2.38.3,BA.2.38.4
BA.2.38.1	none
BA.2.38.2	none
BA.2.38.3	BH.1
BA.2.38.4	none
BH.1	none
BA.2.39	none
BA.2.40	BA.2.40.1
BA.2.40.1	none
BA.2.41	none
BA.2.42	none
BA.2.43	none
BA.2.44	none
BA.2.45	none
BA.2.46	none
BA.2.47	none
BA.2.48	none
BA.2.49	none
BA.2.50	none
BA.2.51	none
BA.2.52	none
BA.2.53	none
BA.2.54	none
BA.2.55	none
BA.2.56	BA.2.56.1
BA.2.56.1	none
BA.2.57	none
BA.2.58	none
BA.2.59	none
BA.2.60	none
BA.2.61	none
BA.2.62	none
BA.2.63	none
BA.2.64	none
BA.2.65	none
BA.2.66	none
BA.2.67	none
BA.2.68	none
BA.2.69	none
BA.2.70	none
BA.2.71	none
BA.2.72	none
BA.2.73	none
BA.2.74	none
BA.2.75	BA.2.75.1,BA.2.75.2,BA.2.75.3,BA.2.75.4,BA.2.75.5,BA.2.75.6,BA.2.75.7,BA.2.75.8,BA.2.75.9,BA.2.75.10
BA.2.75.1	BL.1,BL.2,BL.3,BL.4,BL.5,BL.6
BL.1	BL.1.1,BL.1.2,BL.1.3,BL.1.4,BL.1.5
BL.1.1	none
BL.1.2	none
BL.1.3	none
BL.1.4	none
BL.1.5	none
BL.2	BL.2.1
BL.2.1	none
BL.3	none
BL.4	none
BL.5	none
BL.6	none
BA.2.75.2	CA.1,CA.2,CA.3,CA.4,CA.5,CA.6,CA.7
CA.1	none
CA.2	none
CA.3	CA.3.1
CA.3.1	none
CA.4	none
CA.5	none
CA.6	none
CA.7	none
BA.2.75.3	BM.1,BM.2,BM.3,BM.4,BM.5,BM.6
BM.1	BM.1.1
BM.1.1	BM.1.1.1,BM.1.1.2,BM.1.1.3,BM.1.1.4,BM.1.1.5
BM.1.1.1	CJ.1
CJ.1	CJ.1.1,CJ.1.2,CJ.1.3
CJ.1.1	none
CJ.1.2	none
CJ.1.3	CJ.1.3.1,CJ.1.3.2
CJ.1.3.1	none
CJ.1.3.2	none
BM.1.1.2	none
BM.1.1.3	CV.1,CV.2
CV.1	none
CV.2	none
BM.1.1.4	EP.1,EP.2
EP.1	EP.1.1
EP.1.1	EP.1.1.1
EP.1.1.1	none
EP.2	none
BM.1.1.5	none
BM.2	BM.2.1,BM.2.2,BM.2.3
BM.2.1	none
BM.2.2	none
BM.2.3	none
BM.3	none
BM.4	BM.4.1
BM.4.1	BM.4.1.1
BM.4.1.1	CH.1,CH.2,CH.3
CH.1	CH.1.1
CH.1.1	CH.1.1.1,CH.1.1.2,CH.1.1.3,CH.1.1.4,CH.1.1.5,CH.1.1.6,CH.1.1.7,CH.1.1.8,CH.1.1.9,CH.1.1.10,CH.1.1.11,CH.1.1.12,CH.1.1.13,CH.1.1.14,CH.1.1.15,CH.1.1.16,CH.1.1.17,CH.1.1.18,CH.1.1.19,CH.1.1.20,CH.1.1.21,CH.1.1.22,CH.1.1.23,CH.1.1.24,CH.1.1.25,CH.1.1.26,CH.1.1.27,CH.1.1.28,CH.1.1.29,CH.1.1.30,CH.1.1.31,CH.1.1.32
CH.1.1.1	DV.1,DV.2,DV.3,DV.4,DV.5,DV.6,DV.7,DV.8
DV.1	DV.1.1
DV.1.1	none
DV.2	none
DV.3	DV.3.1
DV.3.1	none
DV.4	none
DV.5	none
DV.6	DV.6.1,DV.6.2
DV.6.1	none
DV.6.2	none
DV.7	DV.7.1,DV.7.2
DV.7.1	DV.7.1.1,DV.7.1.2,DV.7.1.3,DV.7.1.4,DV.7.1.5,DV.7.1.6,DV.7.1.7,DV.7.1.8,DV.7.1.9
DV.7.1.1	none
DV.7.1.2	JV.1,JV.2
JV.1	none
JV.2	none
DV.7.1.3	none
DV.7.1.4	none
DV.7.1.5	KG.1,KG.2
KG.1	none
KG.2	none
DV.7.1.6	none
DV.7.1.7	none
DV.7.1.8	none
DV.7.1.9	none
DV.7.2	none
DV.8	none
CH.1.1.2	none
CH.1.1.3	GQ.1
GQ.1	GQ.1.1
GQ.1.1	none
CH.1.1.4	none
CH.1.1.5	none
CH.1.1.6	none
CH.1.1.7	none
CH.1.1.8	none
CH.1.1.9	none
CH.1.1.10	none
CH.1.1.11	GP.1,GP.2,GP.3
GP.1	none
GP.2	none
GP.3	none
CH.1.1.12	FS.1
FS.1	none
CH.1.1.13	none
CH.1.1.14	none
CH.1.1.15	none
CH.1.1.16	none
CH.1.1.17	FK.1
FK.1	FK.1.1,FK.1.2,FK.1.3,FK.1.4,FK.1.5
FK.1.1	FK.1.1.1,FK.1.1.2
FK.1.1.1	none
FK.1.1.2	none
FK.1.2	FK.1.2.1,FK.1.2.2
FK.1.2.1	none
FK.1.2.2	none
FK.1.3	FK.1.3.1,FK.1.3.2
FK.1.3.1	none
FK.1.3.2	JL.1
JL.1	none
FK.1.4	FK.1.4.1
FK.1.4.1	none
FK.1.5	none
CH.1.1.18	none
CH.1.1.19	FJ.1
FJ.1	none
CH.1.1.20	none
CH.1.1.21	none
CH.1.1.22	none
CH.1.1.23	none
CH.1.1.24	none
CH.1.1.25	none
CH.1.1.26	none
CH.1.1.27	none
CH.1.1.28	none
CH.1.1.29	none
CH.1.1.30	none
CH.1.1.31	JP.1
JP.1	JP.1.1
JP.1.1	none
CH.1.1.32	none
CH.2	none
CH.3	CH.3.1
CH.3.1	none
BM.5	none
BM.6	none
BA.2.75.4	BR.1,BR.2,BR.3,BR.4,BR.5
BR.1	BR.1.1,BR.1.2
BR.1.1	none
BR.1.2	none
BR.2	BR.2.1
BR.2.1	none
BR.3	none
BR.4	none
BR.5	BR.5.1
BR.5.1	none
BA.2.75.5	BN.1,BN.2,BN.3,BN.4,BN.5,BN.6
BN.1	BN.1.1,BN.1.2,BN.1.3,BN.1.4,BN.1.5,BN.1.6,BN.1.7,BN.1.8,BN.1.9,BN.1.10,BN.1.11
BN.1.1	BN.1.1.1
BN.1.1.1	none
BN.1.2	BN.1.2.1,BN.1.2.2,BN.1.2.3,BN.1.2.4,BN.1.2.5,BN.1.2.6,BN.1.2.7,BN.1.2.8
BN.1.2.1	none
BN.1.2.2	none
BN.1.2.3	FR.1,FR.2
FR.1	FR.1.1,FR.1.2,FR.1.3,FR.1.4,FR.1.5
FR.1.1	none
FR.1.2	none
FR.1.3	none
FR.1.4	none
FR.1.5	none
FR.2	none
BN.1.2.4	none
BN.1.2.5	none
BN.1.2.6	none
BN.1.2.7	none
BN.1.2.8	none
BN.1.3	BN.1.3.1,BN.1.3.2,BN.1.3.3,BN.1.3.4,BN.1.3.5,BN.1.3.6,BN.1.3.7,BN.1.3.8,BN.1.3.9,BN.1.3.10,BN.1.3.11,BN.1.3.12,BN.1.3.13
BN.1.3.1	DS.1,DS.2,DS.3
DS.1	none
DS.2	none
DS.3	none
BN.1.3.2	none
BN.1.3.3	none
BN.1.3.4	none
BN.1.3.5	none
BN.1.3.6	none
BN.1.3.7	none
BN.1.3.8	EJ.1,EJ.2,EJ.3
EJ.1	none
EJ.2	none
EJ.3	none
BN.1.3.9	none
BN.1.3.10	none
BN.1.3.11	none
BN.1.3.12	none
BN.1.3.13	none
BN.1.4	BN.1.4.1,BN.1.4.2,BN.1.4.3,BN.1.4.4,BN.1.4.5
BN.1.4.1	none
BN.1.4.2	none
BN.1.4.3	none
BN.1.4.4	none
BN.1.4.5	none
BN.1.5	BN.1.5.1,BN.1.5.2
BN.1.5.1	none
BN.1.5.2	none
BN.1.6	none
BN.1.7	none
BN.1.8	none
BN.1.9	none
BN.1.10	none
BN.1.11	none
BN.2	BN.2.1
BN.2.1	none
BN.3	BN.3.1
BN.3.1	none
BN.4	none
BN.5	none
BN.6	none
BA.2.75.6	BY.1
BY.1	BY.1.1,BY.1.2
BY.1.1	BY.1.1.1
BY.1.1.1	none
BY.1.2	BY.1.2.1
BY.1.2.1	none
BA.2.75.7	none
BA.2.75.8	none
BA.2.75.9	CB.1
CB.1	none
BA.2.75.10	none
BA.2.76	BA.2.76.1,BA.2.76.2
BA.2.76.1	none
BA.2.76.2	none
BA.2.77	none
BA.2.78	none
BA.2.79	BA.2.79.1
BA.2.79.1	none
BA.2.80	none
BA.2.81	none
BA.2.82	none
BA.2.83	none
BA.2.85	none
BA.2.86	BA.2.86.1,BA.2.86.2,BA.2.86.3,BA.2.86.4,BA.2.86.5,BA.2.86.6,BA.2.86.7
BA.2.86.1	JN.1,JN.2,JN.3,JN.4,JN.5,JN.6,JN.7,JN.8,JN.9,JN.10,JN.11,JN.12,JN.13,JN.14,JN.15,JN.16,JN.17,JN.18,JN.19
JN.1	JN.1.1,JN.1.2,JN.1.3,JN.1.4,JN.1.5,JN.1.6,JN.1.7,JN.1.8,JN.1.9,JN.1.10,JN.1.11,JN.1.12,JN.1.13,JN.1.14,JN.1.15,JN.1.16,JN.1.17,JN.1.18,JN.1.19,JN.1.20,JN.1.21,JN.1.22,JN.1.23,JN.1.24,JN.1.25,JN.1.26,JN.1.27,JN.1.28,JN.1.29,JN.1.30,JN.1.31,JN.1.32,JN.1.34,JN.1.35,JN.1.36,JN.1.37,JN.1.38,JN.1.39,JN.1.40,JN.1.41,JN.1.42,JN.1.43,JN.1.44,JN.1.45,JN.1.46,JN.1.47,JN.1.48,JN.1.49,JN.1.50,JN.1.51,JN.1.52,JN.1.53,JN.1.54,JN.1.55,JN.1.56,JN.1.57,JN.1.58,JN.1.59,JN.1.60,JN.1.61,JN.1.62,JN.1.63,JN.1.64,JN.1.65,JN.1.66,JN.1.67
JN.1.1	JN.1.1.1,JN.1.1.2,JN.1.1.3,JN.1.1.4,JN.1.1.5,JN.1.1.6,JN.1.1.7,JN.1.1.8,JN.1.1.9,JN.1.1.10
JN.1.1.1	none
JN.1.1.2	none
JN.1.1.3	LT.1
LT.1	none
JN.1.1.4	none
JN.1.1.5	KR.1,KR.3,KR.4,KR.5
KR.1	KR.1.1,KR.1.2,KR.1.3
KR.1.1	none
KR.1.2	none
KR.1.3	none
KR.3	none
KR.4	KR.4.1
KR.4.1	none
KR.5	none
JN.1.1.6	KZ.1
KZ.1	KZ.1.1
KZ.1.1	KZ.1.1.1
KZ.1.1.1	none
JN.1.1.7	LC.1
LC.1	none
JN.1.1.8	none
JN.1.1.9	none
JN.1.1.10	none
JN.1.2	JN.1.2.1
JN.1.2.1	none
JN.1.3	none
JN.1.4	JN.1.4.1,JN.1.4.2,JN.1.4.3,JN.1.4.4,JN.1.4.5,JN.1.4.6,JN.1.4.7,JN.1.4.8,JN.1.4.9
JN.1.4.1	none
JN.1.4.2	LL.1
LL.1	none
JN.1.4.3	KQ.1
KQ.1	none
JN.1.4.4	none
JN.1.4.5	KV.1,KV.2
KV.1	none
KV.2	none
JN.1.4.6	none
JN.1.4.7	LE.1,LE.2
LE.1	LE.1.1,LE.1.2,LE.1.3
LE.1.1	none
LE.1.2	none
LE.1.3	LE.1.3.1
LE.1.3.1	none
LE.2	none
JN.1.4.8	none
JN.1.4.9	none
JN.1.5	none
JN.1.6	JN.1.6.1
JN.1.6.1	none
JN.1.7	JN.1.7.1,JN.1.7.2,JN.1.7.3,JN.1.7.4,JN.1.7.5,JN.1.7.6,JN.1.7.7,JN.1.7.8,JN.1.7.9
JN.1.7.1	none
JN.1.7.2	none
JN.1.7.3	none
JN.1.7.4	none
JN.1.7.5	LK.1,LK.2
LK.1	none
LK.2	LK.2.1
LK.2.1	none
JN.1.7.6	none
JN.1.7.7	none
JN.1.7.8	MQ.1,MQ.2
MQ.1	none
MQ.2	none
JN.1.7.9	none
JN.1.8	JN.1.8.1,JN.1.8.2,JN.1.8.3,JN.1.8.4
JN.1.8.1	none
JN.1.8.2	KY.1
KY.1	none
JN.1.8.3	none
JN.1.8.4	none
JN.1.9	JN.1.9.1,JN.1.9.2
JN.1.9.1	none
JN.1.9.2	LB.1
LB.1	LB.1.1,LB.1.2,LB.1.3,LB.1.4,LB.1.5,LB.1.6,LB.1.7,LB.1.8,LB.1.9
LB.1.1	none
LB.1.2	LB.1.2.1,LB.1.2.2,LB.1.2.3
LB.1.2.1	none
LB.1.2.2	none
LB.1.2.3	none
LB.1.3	LB.1.3.1,LB.1.3.2,LB.1.3.3
LB.1.3.1	none
LB.1.3.2	MH.1
MH.1	none
LB.1.3.3	none
LB.1.4	LB.1.4.1,LB.1.4.2,LB.1.4.3
LB.1.4.1	none
LB.1.4.2	none
LB.1.4.3	none
LB.1.5	none
LB.1.6	none
LB.1.7	LB.1.7.1,LB.1.7.2,LB.1.7.3
LB.1.7.1	none
LB.1.7.2	none
LB.1.7.3	none
LB.1.8	none
LB.1.9	none
JN.1.10	none
JN.1.11	JN.1.11.1
JN.1.11.1	KP.1,KP.2,KP.3,KP.4,KP.5,KP.6
KP.1	KP.1.1,KP.1.2
KP.1.1	KP.1.1.1,KP.1.1.2,KP.1.1.3,KP.1.1.4,KP.1.1.5
KP.1.1.1	MG.1
MG.1	none
KP.1.1.2	none
KP.1.1.3	LP.1,LP.2,LP.3,LP.4
LP.1	LP.1.1,LP.1.2
LP.1.1	none
LP.1.2	none
LP.2	none
LP.3	none
LP.4	none
KP.1.1.4	none
KP.1.1.5	MU.1
MU.1	none
KP.1.2	none
KP.2	KP.2.1,KP.2.2,KP.2.3,KP.2.4,KP.2.5,KP.2.6,KP.2.7,KP.2.8,KP.2.9,KP.2.10,KP.2.11,KP.2.12,KP.2.13,KP.2.14,KP.2.15,KP.2.16,KP.2.17,KP.2.18,KP.2.19,KP.2.20,KP.2.22,KP.2.23,KP.2.24
KP.2.1	none
KP.2.2	none
KP.2.3	KP.2.3.1,KP.2.3.2,KP.2.3.3,KP.2.3.4,KP.2.3.5,KP.2.3.6,KP.2.3.7
KP.2.3.1	none
KP.2.3.2	none
KP.2.3.3	none
KP.2.3.4	none
KP.2.3.5	none
KP.2.3.6	none
KP.2.3.7	MW.1
MW.1	none
KP.2.4	none
KP.2.5	none
KP.2.6	none
KP.2.7	none
KP.2.8	none
KP.2.9	none
KP.2.10	none
KP.2.11	none
KP.2.12	none
KP.2.13	none
KP.2.14	none
KP.2.15	KP.2.15.1
KP.2.15.1	none
KP.2.16	none
KP.2.17	none
KP.2.18	none
KP.2.19	none
KP.2.20	KP.2.20.1
KP.2.20.1	none
KP.2.22	none
KP.2.23	none
KP.2.24	none
KP.3	KP.3.1,KP.3.2,KP.3.3,KP.3.4,KP.3.5,KP.3.6
KP.3.1	KP.3.1.1,KP.3.1.2,KP.3.1.3,KP.3.1.4,KP.3.1.5,KP.3.1.6,KP.3.1.7,KP.3.1.8
KP.3.1.1	MC.1,MC.2,MC.3,MC.4,MC.5,MC.6,MC.7,MC.8,MC.9,MC.10,MC.11,MC.12,MC.13,MC.14,MC.15,MC.16
MC.1	none
MC.2	MC.2.1
MC.2.1	none
MC.3	none
MC.4	none
MC.5	none
MC.6	none
MC.7	none
MC.8	MC.8.1
MC.8.1	none
MC.9	none
MC.10	none
MC.11	MC.11.1
MC.11.1	none
MC.12	none
MC.13	MC.13.1
MC.13.1	none
MC.14	none
MC.15	none
MC.16	none
KP.3.1.2	none
KP.3.1.3	none
KP.3.1.4	MM.1,MM.2
MM.1	none
MM.2	none
KP.3.1.5	none
KP.3.1.6	MK.1,MK.2,MK.3
MK.1	none
MK.2	none
MK.3	none
KP.3.1.7	none
KP.3.1.8	MY.1
MY.1	none
KP.3.2	KP.3.2.1,KP.3.2.2,KP.3.2.3,KP.3.2.4,KP.3.2.5
KP.3.2.1	none
KP.3.2.2	none
KP.3.2.3	LW.1
LW.1	LW.1.1,LW.1.2
LW.1.1	none
LW.1.2	none
KP.3.2.4	none
KP.3.2.5	none
KP.3.3	KP.3.3.1,KP.3.3.2,KP.3.3.3,KP.3.3.4
KP.3.3.1	none
KP.3.3.2	none
KP.3.3.3	ML.1,ML.2
ML.1	none
ML.2	none
KP.3.3.4	MR.1
MR.1	none
KP.3.4	KP.3.4.1
KP.3.4.1	none
KP.3.5	none
KP.3.6	none
KP.4	KP.4.1,KP.4.2
KP.4.1	KP.4.1.1,KP.4.1.2,KP.4.1.3
KP.4.1.1	none
KP.4.1.2	none
KP.4.1.3	none
KP.4.2	KP.4.2.1,KP.4.2.2,KP.4.2.3
KP.4.2.1	none
KP.4.2.2	none
KP.4.2.3	none
KP.5	none
KP.6	none
JN.1.12	none
JN.1.13	JN.1.13.1
JN.1.13.1	KS.1
KS.1	KS.1.1,KS.1.2,KS.1.3,KS.1.4
KS.1.1	none
KS.1.2	none
KS.1.3	none
KS.1.4	none
JN.1.14	none
JN.1.15	JN.1.15.1
JN.1.15.1	LU.1,LU.2
LU.1	none
LU.2	LU.2.1,LU.2.2
LU.2.1	LU.2.1.1
LU.2.1.1	none
LU.2.2	none
JN.1.16	JN.1.16.1,JN.1.16.2,JN.1.16.3,JN.1.16.4,JN.1.16.5
JN.1.16.1	LF.1,LF.2,LF.3,LF.4,LF.5,LF.6,LF.7,LF.8,LF.9
LF.1	LF.1.1
LF.1.1	LF.1.1.1
LF.1.1.1	none
LF.2	none
LF.3	LF.3.1
LF.3.1	LF.3.1.1
LF.3.1.1	none
LF.4	LF.4.1
LF.4.1	none
LF.5	none
LF.6	none
LF.7	none
LF.8	LF.8.1
LF.8.1	LF.8.1.1
LF.8.1.1	none
LF.9	LF.9.1
LF.9.1	none
JN.1.16.2	LA.1,LA.2
LA.1	none
LA.2	none
JN.1.16.3	none
JN.1.16.4	MT.1
MT.1	none
JN.1.16.5	none
JN.1.17	none
JN.1.18	JN.1.18.1,JN.1.18.2,JN.1.18.3,JN.1.18.4,JN.1.18.5,JN.1.18.6,JN.1.18.7,JN.1.18.8
JN.1.18.1	LQ.1,LQ.2,LQ.3
LQ.1	LQ.1.1
LQ.1.1	none
LQ.2	none
LQ.3	none
JN.1.18.2	LZ.1,LZ.2
LZ.1	LZ.1.1
LZ.1.1	none
LZ.2	none
JN.1.18.3	MA.1
MA.1	MA.1.1
MA.1.1	MA.1.1.1
MA.1.1.1	none
JN.1.18.4	LH.1,LH.2
LH.1	none
LH.2	none
JN.1.18.5	LS.1
LS.1	none
JN.1.18.6	LY.1,LY.2
LY.1	none
LY.2	none
JN.1.18.7	MN.1
MN.1	none
JN.1.18.8	none
JN.1.19	none
JN.1.20	none
JN.1.21	none
JN.1.22	none
JN.1.23	JN.1.23.1
JN.1.23.1	none
JN.1.24	JN.1.24.1
JN.1.24.1	none
JN.1.25	JN.1.25.1
JN.1.25.1	LM.1
LM.1	none
JN.1.26	none
JN.1.27	none
JN.1.28	JN.1.28.1
JN.1.28.1	KW.1
KW.1	KW.1.1,KW.1.2
KW.1.1	KW.1.1.1
KW.1.1.1	LG.1
LG.1	none
KW.1.2	none
JN.1.29	JN.1.29.1
JN.1.29.1	MJ.1
MJ.1	none
JN.1.30	JN.1.30.1
JN.1.30.1	KU.1,KU.2
KU.1	none
KU.2	KU.2.1,KU.2.2
KU.2.1	none
KU.2.2	none
JN.1.31	none
JN.1.32	JN.1.32.1
JN.1.32.1	none
JN.1.34	none
JN.1.35	none
JN.1.36	JN.1.36.1
JN.1.36.1	none
JN.1.37	none
JN.1.38	JN.1.38.1
JN.1.38.1	none
JN.1.39	JN.1.39.1,JN.1.39.2,JN.1.39.3
JN.1.39.1	none
JN.1.39.2	none
JN.1.39.3	none
JN.1.40	none
JN.1.41	none
JN.1.42	JN.1.42.1,JN.1.42.2
JN.1.42.1	none
JN.1.42.2	MS.1
MS.1	none
JN.1.43	JN.1.43.1
JN.1.43.1	none
JN.1.44	JN.1.44.1
JN.1.44.1	none
JN.1.45	none
JN.1.46	none
JN.1.47	JN.1.47.1,JN.1.47.2
JN.1.47.1	none
JN.1.47.2	none
JN.1.48	JN.1.48.1,JN.1.48.2,JN.1.48.3
JN.1.48.1	LD.1
LD.1	none
JN.1.48.2	none
JN.1.48.3	none
JN.1.49	JN.1.49.1,JN.1.49.2
JN.1.49.1	MB.1
MB.1	MB.1.1
MB.1.1	MB.1.1.1
MB.1.1.1	MV.1
MV.1	none
JN.1.49.2	none
JN.1.50	JN.1.50.1,JN.1.50.2
JN.1.50.1	none
JN.1.50.2	ME.1
ME.1	none
JN.1.51	JN.1.51.1
JN.1.51.1	LJ.1
LJ.1	none
JN.1.52	none
JN.1.53	JN.1.53.1
JN.1.53.1	LN.1
LN.1	LN.1.1
LN.1.1	none
JN.1.54	JN.1.54.1
JN.1.54.1	none
JN.1.55	JN.1.55.1,JN.1.55.2
JN.1.55.1	none
JN.1.55.2	none
JN.1.56	JN.1.56.1
JN.1.56.1	none
JN.1.57	JN.1.57.1
JN.1.57.1	none
JN.1.58	JN.1.58.1,JN.1.58.2,JN.1.58.3
JN.1.58.1	none
JN.1.58.2	LR.1,LR.2,LR.3
LR.1	none
LR.2	none
LR.3	none
JN.1.58.3	none
JN.1.59	JN.1.59.1
JN.1.59.1	none
JN.1.60	none
JN.1.61	none
JN.1.62	none
JN.1.63	JN.1.63.1
JN.1.63.1	none
JN.1.64	JN.1.64.1
JN.1.64.1	MD.1,MD.2,MD.3
MD.1	MD.1.1
MD.1.1	none
MD.2	none
MD.3	MD.3.1
MD.3.1	none
JN.1.65	JN.1.65.1
JN.1.65.1	MF.1,MF.2
MF.1	none
MF.2	none
JN.1.66	none
JN.1.67	JN.1.67.1
JN.1.67.1	none
JN.2	JN.2.1,JN.2.2,JN.2.3,JN.2.4,JN.2.5
JN.2.1	none
JN.2.2	JN.2.2.1
JN.2.2.1	none
JN.2.3	none
JN.2.4	none
JN.2.5	none
JN.3	JN.3.1,JN.3.2,JN.3.3
JN.3.1	none
JN.3.2	JN.3.2.1
JN.3.2.1	none
JN.3.3	none
JN.4	none
JN.5	JN.5.1
JN.5.1	none
JN.6	none
JN.7	none
JN.8	none
JN.9	none
JN.10	none
JN.11	JN.11.1
JN.11.1	none
JN.12	none
JN.13	JN.13.1
JN.13.1	none
JN.14	none
JN.15	none
JN.16	none
JN.17	none
JN.18	none
JN.19	none
BA.2.86.2	none
BA.2.86.3	JQ.1,JQ.2
JQ.1	none
JQ.2	JQ.2.1
JQ.2.1	JQ.2.1.1,JQ.2.1.2
JQ.2.1.1	none
JQ.2.1.2	none
BA.2.86.4	none
BA.2.86.5	none
BA.2.86.6	LV.1,LV.2
LV.1	none
LV.2	none
BA.2.86.7	MP.1
MP.1	MP.1.1
MP.1.1	none
BA.2.87	BA.2.87.1
BA.2.87.1	none
BA.3	BA.3.1
BA.3.1	none
BA.4	BA.4.1,BA.4.2,BA.4.3,BA.4.4,BA.4.5,BA.4.6,BA.4.7,BA.4.8
BA.4.1	BA.4.1.1,BA.4.1.2,BA.4.1.3,BA.4.1.4,BA.4.1.5,BA.4.1.6,BA.4.1.7,BA.4.1.8,BA.4.1.9,BA.4.1.10,BA.4.1.11
BA.4.1.1	none
BA.4.1.2	none
BA.4.1.3	none
BA.4.1.4	none
BA.4.1.5	none
BA.4.1.6	none
BA.4.1.7	none
BA.4.1.8	none
BA.4.1.9	none
BA.4.1.10	CS.1
BA.4.1.11	none
CS.1	none
BA.4.2	none
BA.4.3	none
BA.4.4	none
BA.4.5	none
BA.4.6	BA.4.6.1,BA.4.6.2,BA.4.6.3,BA.4.6.4,BA.4.6.5
BA.4.6.1	none
BA.4.6.2	none
BA.4.6.3	none
BA.4.6.4	none
BA.4.6.5	DC.1
DC.1	none
BA.4.7	none
BA.4.8	none
BA.5	BA.5.1,BA.5.2,BA.5.3,BA.5.5,BA.5.6,BA.5.7,BA.5.8,BA.5.9,BA.5.10,BA.5.11,BA.5.12
BA.5.1	BA.5.1.1,BA.5.1.2,BA.5.1.3,BA.5.1.4,BA.5.1.5,BA.5.1.6,BA.5.1.7,BA.5.1.8,BA.5.1.9,BA.5.1.10,BA.5.1.11,BA.5.1.12,BA.5.1.14,BA.5.1.15,BA.5.1.16,BA.5.1.17,BA.5.1.18,BA.5.1.19,BA.5.1.20,BA.5.1.21,BA.5.1.22,BA.5.1.23,BA.5.1.24,BA.5.1.25,BA.5.1.26,BA.5.1.27,BA.5.1.28,BA.5.1.29,BA.5.1.30,BA.5.1.31,BA.5.1.32,BA.5.1.33,BA.5.1.34,BA.5.1.35,BA.5.1.36,BA.5.1.37,BA.5.1.38
BA.5.1.1	none
BA.5.1.2	none
BA.5.1.3	none
BA.5.1.4	none
BA.5.1.5	none
BA.5.1.6	none
BA.5.1.7	none
BA.5.1.8	none
BA.5.1.9	none
BA.5.1.10	BK.1
BK.1	none
BA.5.1.11	none
BA.5.1.12	none
BA.5.1.14	none
BA.5.1.15	DL.1
DL.1	none
BA.5.1.16	none
BA.5.1.17	none
BA.5.1.18	none
BA.5.1.19	none
BA.5.1.20	none
BA.5.1.21	BT.1,BT.2
BT.1	none
BT.2	none
BA.5.1.22	DH.1
DH.1	none
BA.5.1.23	DE.1,DE.2
DE.1	none
DE.2	none
BA.5.1.24	none
BA.5.1.25	DJ.1
DJ.1	DJ.1.1,DJ.1.2,DJ.1.3
DJ.1.1	DJ.1.1.1
DJ.1.1.1	none
DJ.1.2	none
DJ.1.3	none
BA.5.1.26	CU.1
CU.1	none
BA.5.1.27	none
BA.5.1.28	none
BA.5.1.29	CL.1
CL.1	CL.1.1,CL.1.2,CL.1.3
CL.1.1	none
CL.1.2	none
CL.1.3	none
BA.5.1.30	none
BA.5.1.31	none
BA.5.1.32	none
BA.5.1.33	EQ.1
EQ.1	none
BA.5.1.34	none
BA.5.1.35	EB.1
EB.1	none
BA.5.1.36	none
BA.5.1.37	none
BA.5.1.38	none
BA.5.2	BA.5.2.1,BA.5.2.2,BA.5.2.3,BA.5.2.4,BA.5.2.5,BA.5.2.6,BA.5.2.7,BA.5.2.8,BA.5.2.9,BA.5.2.10,BA.5.2.11,BA.5.2.12,BA.5.2.13,BA.5.2.14,BA.5.2.16,BA.5.2.18,BA.5.2.19,BA.5.2.20,BA.5.2.21,BA.5.2.22,BA.5.2.23,BA.5.2.24,BA.5.2.25,BA.5.2.26,BA.5.2.27,BA.5.2.28,BA.5.2.29,BA.5.2.30,BA.5.2.31,BA.5.2.32,BA.5.2.33,BA.5.2.34,BA.5.2.35,BA.5.2.36,BA.5.2.37,BA.5.2.38,BA.5.2.39,BA.5.2.40,BA.5.2.41,BA.5.2.42,BA.5.2.43,BA.5.2.44,BA.5.2.45,BA.5.2.46,BA.5.2.47,BA.5.2.48,BA.5.2.49,BA.5.2.50,BA.5.2.51,BA.5.2.52,BA.5.2.53,BA.5.2.54,BA.5.2.55,BA.5.2.56,BA.5.2.57,BA.5.2.58,BA.5.2.59,BA.5.2.60,BA.5.2.61,BA.5.2.62,BA.5.2.63
BA.5.2.1	BF.1,BF.2,BF.3,BF.4,BF.5,BF.6,BF.7,BF.8,BF.9,BF.10,BF.11,BF.12,BF.13,BF.14,BF.15,BF.16,BF.17,BF.18,BF.19,BF.20,BF.21,BF.22,BF.23,BF.24,BF.25,BF.26,BF.27,BF.28,BF.29,BF.30,BF.31,BF.32,BF.33,BF.34,BF.35,BF.36,BF.37,BF.38,BF.39,BF.40,BF.41,BF.42
BF.1	BF.1.1
BF.1.1	none
BF.2	none
BF.3	BF.3.1
BF.3.1	none
BF.4	none
BF.5	BF.5.1,BF.5.2,BF.5.3,BF.5.4,BF.5.5
BF.5.1	none
BF.5.2	none
BF.5.3	none
BF.5.4	none
BF.5.5	none
BF.6	none
BF.7	BF.7.1,BF.7.2,BF.7.3,BF.7.4,BF.7.5,BF.7.6,BF.7.7,BF.7.8,BF.7.9,BF.7.10,BF.7.11,BF.7.12,BF.7.13,BF.7.14,BF.7.15,BF.7.16,BF.7.17,BF.7.18,BF.7.19,BF.7.20,BF.7.21,BF.7.22,BF.7.23,BF.7.24,BF.7.26,BF.7.27
BF.7.1	none
BF.7.2	none
BF.7.3	none
BF.7.4	BF.7.4.1,BF.7.4.2,BF.7.4.3
BF.7.4.1	none
BF.7.4.2	none
BF.7.4.3	none
BF.7.5	BF.7.5.1
BF.7.5.1	none
BF.7.6	none
BF.7.7	none
BF.7.8	none
BF.7.9	none
BF.7.10	none
BF.7.11	none
BF.7.12	none
BF.7.13	BF.7.13.1,BF.7.13.2
BF.7.13.1	none
BF.7.13.2	none
BF.7.14	BF.7.14.1,BF.7.14.2,BF.7.14.3,BF.7.14.4,BF.7.14.5,BF.7.14.6,BF.7.14.7
BF.7.14.1	none
BF.7.14.2	none
BF.7.14.3	none
BF.7.14.4	none
BF.7.14.5	none
BF.7.14.6	none
BF.7.14.7	none
BF.7.15	none
BF.7.16	BF.7.16.1
BF.7.16.1	none
BF.7.17	none
BF.7.18	none
BF.7.19	BF.7.19.1
BF.7.19.1	none
BF.7.20	none
BF.7.21	none
BF.7.22	none
BF.7.23	none
BF.7.24	none
BF.7.26	none
BF.7.27	none
BF.8	none
BF.9	none
BF.10	BF.10.1
BF.10.1	none
BF.11	BF.11.1,BF.11.2,BF.11.3,BF.11.4,BF.11.5
BF.11.1	none
BF.11.2	none
BF.11.3	none
BF.11.4	none
BF.11.5	none
BF.12	none
BF.13	none
BF.14	none
BF.15	none
BF.16	none
BF.17	none
BF.18	none
BF.19	none
BF.20	none
BF.21	none
BF.22	none
BF.23	none
BF.24	none
BF.25	none
BF.26	none
BF.27	none
BF.28	none
BF.29	none
BF.30	none
BF.31	BF.31.1
BF.31.1	none
BF.32	none
BF.33	none
BF.34	none
BF.35	none
BF.36	none
BF.37	none
BF.38	BF.38.1,BF.38.2,BF.38.3
BF.38.1	none
BF.38.2	none
BF.38.3	none
BF.39	BF.39.1
BF.39.1	none
BF.40	none
BF.41	BF.41.1
BF.41.1	none
BF.42	none
BA.5.2.2	none
BA.5.2.3	BZ.1,BZ.2
BZ.1	none
BZ.2	none
BA.5.2.4	none
BA.5.2.5	none
BA.5.2.6	CP.1,CP.2,CP.3,CP.4,CP.5,CP.6,CP.7,CP.8
CP.1	CP.1.1,CP.1.2,CP.1.3
CP.1.1	none
CP.1.2	none
CP.1.3	none
CP.2	none
CP.3	none
CP.4	none
CP.5	none
CP.6	none
CP.7	none
CP.8	CP.8.1
CP.8.1	none
BA.5.2.7	CY.1,CY.2
CY.1	none
CY.2	none
BA.5.2.8	none
BA.5.2.9	none
BA.5.2.10	none
BA.5.2.11	none
BA.5.2.12	none
BA.5.2.13	none
BA.5.2.14	none
BA.5.2.16	BU.1,BU.2,BU.3
BU.1	none
BU.2	none
BU.3	none
BA.5.2.18	CR.1,CR.2
CR.1	CR.1.1,CR.1.2,CR.1.3
CR.1.1	none
CR.1.2	none
CR.1.3	none
CR.2	none
BA.5.2.19	none
BA.5.2.20	BV.1,BV.2
BV.1	none
BV.2	none
BA.5.2.21	CN.1,CN.2
CN.1	none
CN.2	none
BA.5.2.22	none
BA.5.2.23	none
BA.5.2.24	CK.1,CK.2,CK.3
CK.1	CK.1.1,CK.1.2,CK.1.3,CK.1.4,CK.1.5
CK.1.1	CK.1.1.1,CK.1.1.2
CK.1.1.1	none
CK.1.1.2	none
CK.1.2	none
CK.1.3	none
CK.1.4	none
CK.1.5	none
CK.2	CK.2.1
CK.2.1	CK.2.1.1
CK.2.1.1	DG.1
CK.3	none
DG.1	none
BA.5.2.25	DB.1,DB.2,DB.3
DB.1	none
DB.2	none
DB.3	none
BA.5.2.26	CG.1
BA.5.2.27	CF.1
CF.1	none
CG.1	none
BA.5.2.28	none
BA.5.2.29	none
BA.5.2.30	none
BA.5.2.31	CD.1,CD.2
CD.1	none
CD.2	none
BA.5.2.32	none
BA.5.2.33	CE.1
CE.1	none
BA.5.2.34	none
BA.5.2.35	none
BA.5.2.36	CT.1
CT.1	none
BA.5.2.37	none
BA.5.2.38	DA.1
DA.1	none
BA.5.2.39	none
BA.5.2.40	none
BA.5.2.41	none
BA.5.2.42	none
BA.5.2.43	none
BA.5.2.44	none
BA.5.2.45	none
BA.5.2.46	none
BA.5.2.47	DQ.1
DQ.1	none
BA.5.2.48	DY.1,DY.2,DY.3,DY.4
DY.1	DY.1.1
DY.1.1	none
DY.2	none
DY.3	none
DY.4	none
BA.5.2.49	DZ.1,DZ.2
DZ.1	none
DZ.2	none
BA.5.2.50	none
BA.5.2.51	none
BA.5.2.52	none
BA.5.2.53	none
BA.5.2.54	none
BA.5.2.55	none
BA.5.2.56	none
BA.5.2.57	none
BA.5.2.58	none
BA.5.2.59	none
BA.5.2.60	none
BA.5.2.61	none
BA.5.2.62	none
BA.5.2.63	none
BA.5.3	BA.5.3.1,BA.5.3.2,BA.5.3.3,BA.5.3.4,BA.5.3.5
BA.5.3.1	BE.1,BE.2,BE.3,BE.4,BE.5,BE.6,BE.7,BE.8,BE.9,BE.10,BE.11,BE.12,BE.13
BE.1	BE.1.1,BE.1.2,BE.1.3,BE.1.4
BE.1.1	BE.1.1.1,BE.1.1.2
BE.1.1.1	BQ.1,BQ.2
BQ.1	BQ.1.1,BQ.1.2,BQ.1.3,BQ.1.4,BQ.1.5,BQ.1.6,BQ.1.7,BQ.1.8,BQ.1.9,BQ.1.10,BQ.1.11,BQ.1.12,BQ.1.13,BQ.1.14,BQ.1.15,BQ.1.16,BQ.1.17,BQ.1.18,BQ.1.19,BQ.1.20,BQ.1.21,BQ.1.22,BQ.1.23,BQ.1.24,BQ.1.25,BQ.1.26,BQ.1.27,BQ.1.28,BQ.1.29,BQ.1.30,BQ.1.31,BQ.1.32,BQ.1.33
BQ.1.1	BQ.1.1.1,BQ.1.1.2,BQ.1.1.3,BQ.1.1.4,BQ.1.1.5,BQ.1.1.6,BQ.1.1.7,BQ.1.1.8,BQ.1.1.9,BQ.1.1.10,BQ.1.1.11,BQ.1.1.12,BQ.1.1.13,BQ.1.1.14,BQ.1.1.15,BQ.1.1.16,BQ.1.1.17,BQ.1.1.18,BQ.1.1.19,BQ.1.1.20,BQ.1.1.21,BQ.1.1.22,BQ.1.1.23,BQ.1.1.24,BQ.1.1.25,BQ.1.1.26,BQ.1.1.27,BQ.1.1.28,BQ.1.1.29,BQ.1.1.30,BQ.1.1.31,BQ.1.1.32,BQ.1.1.34,BQ.1.1.35,BQ.1.1.36,BQ.1.1.37,BQ.1.1.38,BQ.1.1.39,BQ.1.1.40,BQ.1.1.41,BQ.1.1.42,BQ.1.1.43,BQ.1.1.44,BQ.1.1.45,BQ.1.1.46,BQ.1.1.47,BQ.1.1.48,BQ.1.1.49,BQ.1.1.50,BQ.1.1.51,BQ.1.1.52,BQ.1.1.53,BQ.1.1.54,BQ.1.1.55,BQ.1.1.56,BQ.1.1.57,BQ.1.1.58,BQ.1.1.59,BQ.1.1.60,BQ.1.1.61,BQ.1.1.62,BQ.1.1.63,BQ.1.1.64,BQ.1.1.65,BQ.1.1.66,BQ.1.1.67,BQ.1.1.68,BQ.1.1.69,BQ.1.1.70,BQ.1.1.71,BQ.1.1.72,BQ.1.1.73,BQ.1.1.74,BQ.1.1.75,BQ.1.1.76,BQ.1.1.77,BQ.1.1.78,BQ.1.1.79
BQ.1.1.1	CZ.1,CZ.2
CZ.1	none
CZ.2	none
BQ.1.1.2	DU.1
DU.1	none
BQ.1.1.3	DR.1,DR.2
DR.1	none
DR.2	none
BQ.1.1.4	EE.1,EE.2,EE.3,EE.4,EE.5
EE.1	none
EE.2	none
EE.3	none
EE.4	none
EE.5	none
BQ.1.1.5	DN.1,DN.2,DN.3
DN.1	DN.1.1
DN.1.1	DN.1.1.1,DN.1.1.2,DN.1.1.3,DN.1.1.4
DN.1.1.1	none
DN.1.1.2	none
DN.1.1.3	none
DN.1.1.4	none
DN.2	none
DN.3	DN.3.1
DN.3.1	none
BQ.1.1.6	none
BQ.1.1.7	DK.1
DK.1	none
BQ.1.1.8	DP.1
DP.1	none
BQ.1.1.9	none
BQ.1.1.10	FA.1,FA.2
FA.1	none
FA.2	none
BQ.1.1.11	none
BQ.1.1.12	none
BQ.1.1.13	EF.1,EF.2,EF.3
EF.1	EF.1.1,EF.1.2,EF.1.3
EF.1.1	EF.1.1.1
EF.1.1.1	EY.1
EY.1	none
EF.1.2	none
EF.1.3	none
EF.2	none
EF.3	none
BQ.1.1.14	CW.1
CW.1	none
BQ.1.1.15	DM.1
DM.1	none
BQ.1.1.16	none
BQ.1.1.17	none
BQ.1.1.18	ED.1,ED.2,ED.3
ED.1	none
ED.2	none
ED.3	none
BQ.1.1.19	none
BQ.1.1.20	none
BQ.1.1.21	none
BQ.1.1.22	ER.1
ER.1	ER.1.1
ER.1.1	none
BQ.1.1.23	none
BQ.1.1.24	none
BQ.1.1.25	none
BQ.1.1.26	none
BQ.1.1.27	none
BQ.1.1.28	EH.1
EH.1	none
BQ.1.1.29	none
BQ.1.1.30	none
BQ.1.1.31	none
BQ.1.1.32	DT.1,DT.2,DT.3
DT.1	none
DT.2	none
DT.3	none
BQ.1.1.34	none
BQ.1.1.35	ET.1
ET.1	none
BQ.1.1.36	none
BQ.1.1.37	none
BQ.1.1.38	EW.1,EW.2,EW.3
EW.1	none
EW.2	none
EW.3	none
BQ.1.1.39	FQ.1
FQ.1	none
BQ.1.1.40	none
BQ.1.1.41	none
BQ.1.1.42	none
BQ.1.1.43	EZ.1
EZ.1	none
BQ.1.1.44	none
BQ.1.1.45	none
BQ.1.1.46	EN.1
EN.1	EN.1.1
EN.1.1	none
BQ.1.1.47	none
BQ.1.1.48	none
BQ.1.1.49	none
BQ.1.1.50	none
BQ.1.1.51	none
BQ.1.1.52	EA.1,EA.2
EA.1	none
EA.2	none
BQ.1.1.53	FM.1,FM.2
FM.1	none
FM.2	none
BQ.1.1.54	none
BQ.1.1.55	none
BQ.1.1.56	none
BQ.1.1.57	none
BQ.1.1.58	none
BQ.1.1.59	none
BQ.1.1.60	none
BQ.1.1.61	none
BQ.1.1.62	none
BQ.1.1.63	none
BQ.1.1.64	none
BQ.1.1.65	ES.1
ES.1	none
BQ.1.1.66	none
BQ.1.1.67	none
BQ.1.1.68	none
BQ.1.1.69	none
BQ.1.1.70	none
BQ.1.1.71	EV.1
EV.1	none
BQ.1.1.72	FC.1
FC.1	none
BQ.1.1.73	none
BQ.1.1.74	FN.1
FN.1	none
BQ.1.1.75	none
BQ.1.1.76	none
BQ.1.1.77	none
BQ.1.1.78	none
BQ.1.1.79	none
BQ.1.2	BQ.1.2.1,BQ.1.2.2,BQ.1.2.3
BQ.1.2.1	FB.1,FB.2
FB.1	none
FB.2	none
BQ.1.2.2	JH.1,JH.2
JH.1	none
JH.2	none
BQ.1.2.3	none
BQ.1.3	BQ.1.3.1,BQ.1.3.2
BQ.1.3.1	none
BQ.1.3.2	none
BQ.1.4	none
BQ.1.5	none
BQ.1.6	none
BQ.1.7	none
BQ.1.8	BQ.1.8.1,BQ.1.8.2
BQ.1.8.1	none
BQ.1.8.2	FF.1
FF.1	none
BQ.1.9	none
BQ.1.10	BQ.1.10.1,BQ.1.10.2,BQ.1.10.3
BQ.1.10.1	EC.1
EC.1	EC.1.1
EC.1.1	none
BQ.1.10.2	none
BQ.1.10.3	none
BQ.1.11	BQ.1.11.1
BQ.1.11.1	none
BQ.1.12	none
BQ.1.13	BQ.1.13.1
BQ.1.13.1	none
BQ.1.14	none
BQ.1.15	BQ.1.15.1,BQ.1.15.2
BQ.1.15.1	none
BQ.1.15.2	none
BQ.1.16	none
BQ.1.17	none
BQ.1.18	none
BQ.1.19	none
BQ.1.20	none
BQ.1.21	none
BQ.1.22	none
BQ.1.23	none
BQ.1.24	none
BQ.1.25	BQ.1.25.1
BQ.1.25.1	none
BQ.1.26	BQ.1.26.1,BQ.1.26.2
BQ.1.26.1	none
BQ.1.26.2	none
BQ.1.27	none
BQ.1.28	none
BQ.1.29	none
BQ.1.30	none
BQ.1.31	none
BQ.1.32	none
BQ.1.33	none
BQ.2	none
BE.1.2	BE.1.2.1
BE.1.1.2	CC.1
CC.1	none
BE.1.2.1	DW.1
DW.1	none
BE.1.3	none
BE.1.4	BE.1.4.1,BE.1.4.2,BE.1.4.3,BE.1.4.4
BE.1.4.1	none
BE.1.4.2	none
BE.1.4.3	none
BE.1.4.4	none
BE.2	none
BE.3	none
BE.4	BE.4.1,BE.4.2
BE.4.1	BE.4.1.1
BE.4.1.1	CQ.1,CQ.2
CQ.1	CQ.1.1
CQ.1.1	none
CQ.2	none
BE.4.2	none
BE.5	none
BE.6	none
BE.7	none
BE.8	none
BE.9	none
BE.10	none
BE.11	none
BE.12	none
BE.13	none
BA.5.3.2	none
BA.5.3.3	none
BA.5.3.4	none
BA.5.3.5	none
BA.5.5	BA.5.5.1,BA.5.5.2,BA.5.5.3
BA.5.5.1	none
BA.5.5.2	none
BA.5.5.3	none
BA.5.6	BA.5.6.1,BA.5.6.2,BA.5.6.3,BA.5.6.4
BA.5.6.1	none
BA.5.6.2	BW.1
BW.1	BW.1.1,BW.1.2
BW.1.1	BW.1.1.1,BW.1.1.2
BW.1.1.1	none
BW.1.1.2	none
BW.1.2	none
BA.5.6.3	none
BA.5.6.4	none
BA.5.7	none
BA.5.8	none
BA.5.9	none
BA.5.10	BA.5.10.1
BA.5.10.1	DF.1
DF.1	DF.1.1
DF.1.1	none
BA.5.11	none
BA.5.12	none
B.1.2	none
B.1.3	none
B.1.6	none
B.1.8	none
B.1.12	none
B.1.13	none
B.1.14	none
B.1.22	B.1.22.1
B.1.22.1	none
B.1.23	none
B.1.35	none
B.1.36	B.1.36.1,B.1.36.2,B.1.36.7,B.1.36.8,B.1.36.9,B.1.36.10,B.1.36.12,B.1.36.16,B.1.36.17,B.1.36.18,B.1.36.19,B.1.36.20,B.1.36.21,B.1.36.22,B.1.36.23,B.1.36.24,B.1.36.25,B.1.36.26,B.1.36.28,B.1.36.27,B.1.36.29,B.1.36.31,B.1.36.33,B.1.36.34,B.1.36.35,B.1.36.36,B.1.36.37,B.1.36.38,B.1.36.39
B.1.36.1	none
B.1.36.2	none
B.1.36.7	none
B.1.36.8	none
B.1.36.9	none
B.1.36.10	none
B.1.36.12	none
B.1.36.16	none
B.1.36.17	none
B.1.36.18	none
B.1.36.19	none
B.1.36.20	none
B.1.36.21	none
B.1.36.22	none
B.1.36.23	none
B.1.36.24	none
B.1.36.25	none
B.1.36.26	none
B.1.36.28	none
B.1.36.27	none
B.1.36.29	none
B.1.36.31	none
B.1.36.33	none
B.1.36.34	none
B.1.36.35	none
B.1.36.36	none
B.1.36.37	none
B.1.36.38	none
B.1.36.39	none
B.1.37	none
B.1.38	none
B.1.39	none
B.1.40	none
B.1.44	none
B.1.67	none
B.1.69	none
B.1.70	none
B.1.76	none
B.1.77	none
B.1.78	none
B.1.81	none
B.1.83	none
B.1.84	none
B.1.91	none
B.1.93	none
B.1.94	none
B.1.96	none
B.1.97	none
B.1.103	none
B.1.104	none
B.1.105	none
B.1.106	none
B.1.108	none
B.1.110	B.1.110.1,B.1.110.2,B.1.110.3
B.1.110.1	none
B.1.110.2	none
B.1.110.3	none
B.1.111	none
B.1.112	none
B.1.113	none
B.1.115	none
B.1.116	none
B.1.117	none
B.1.118	none
B.1.119	none
B.1.120	none
B.1.124	none
B.1.126	none
B.1.127	none
B.1.128	none
B.1.131	none
B.1.134	none
B.1.137	none
B.1.139	none
B.1.140	none
B.1.142	none
B.1.143	none
B.1.145	none
B.1.146	none
B.1.147	none
B.1.149	none
B.1.151	none
B.1.153	none
B.1.157	none
B.1.158	none
B.1.159	none
B.1.160	B.1.160.7,B.1.160.8,B.1.160.9,B.1.160.10,B.1.160.11,B.1.160.12,B.1.160.13,B.1.160.14,B.1.160.15,B.1.160.16,B.1.160.17,B.1.160.18,B.1.160.19,B.1.160.20,B.1.160.21,B.1.160.22,B.1.160.23,B.1.160.24,B.1.160.25,B.1.160.26,B.1.160.27,B.1.160.28,B.1.160.29,B.1.160.30,B.1.160.31,B.1.160.32,B.1.160.33
B.1.160.7	none
B.1.160.8	none
B.1.160.9	none
B.1.160.10	none
B.1.160.11	none
B.1.160.12	none
B.1.160.13	none
B.1.160.14	none
B.1.160.15	none
B.1.160.16	AB.1
AB.1	none
B.1.160.17	none
B.1.160.18	none
B.1.160.19	none
B.1.160.20	none
B.1.160.21	none
B.1.160.22	none
B.1.160.23	none
B.1.160.24	none
B.1.160.25	none
B.1.160.26	none
B.1.160.27	none
B.1.160.28	none
B.1.160.29	none
B.1.160.30	none
B.1.160.31	none
B.1.160.32	none
B.1.160.33	none
B.1.161	none
B.1.162	none
B.1.163	none
B.1.164	none
B.1.165	none
B.1.166	none
B.1.167	none
B.1.168	none
B.1.169	none
B.1.170	none
B.1.173	none
B.1.177	B.1.177.2,B.1.177.3,B.1.177.4,B.1.177.5,B.1.177.6,B.1.177.7,B.1.177.8,B.1.177.9,B.1.177.10,B.1.177.11,B.1.177.12,B.1.177.14,B.1.177.15,B.1.177.16,B.1.177.17,B.1.177.18,B.1.177.19,B.1.177.20,B.1.177.21,B.1.177.23,B.1.177.24,B.1.177.25,B.1.177.26,B.1.177.27,B.1.177.28,B.1.177.29,B.1.177.30,B.1.177.31,B.1.177.32,B.1.177.33,B.1.177.34,B.1.177.35,B.1.177.36,B.1.177.37,B.1.177.38,B.1.177.39,B.1.177.40,B.1.177.41,B.1.177.42,B.1.177.43,B.1.177.44,B.1.177.45,B.1.177.46,B.1.177.47,B.1.177.48,B.1.177.49,B.1.177.50,B.1.177.51,B.1.177.52,B.1.177.53,B.1.177.54,B.1.177.55,B.1.177.56,B.1.177.57,B.1.177.58,B.1.177.59,B.1.177.60,B.1.177.61,B.1.177.62,B.1.177.63,B.1.177.64,B.1.177.65,B.1.177.66,B.1.177.67,B.1.177.68,B.1.177.69,B.1.177.70,B.1.177.71,B.1.177.72,B.1.177.73,B.1.177.74,B.1.177.75,B.1.177.76,B.1.177.77,B.1.177.78,B.1.177.80,B.1.177.81,B.1.177.82,B.1.177.83,B.1.177.84,B.1.177.85,B.1.177.86,B.1.177.87,B.1.177.88,B.1.177.89
B.1.177.2	none
B.1.177.3	none
B.1.177.4	none
B.1.177.5	none
B.1.177.6	none
B.1.177.7	none
B.1.177.8	none
B.1.177.9	none
B.1.177.10	none
B.1.177.11	none
B.1.177.12	none
B.1.177.14	none
B.1.177.15	AA.1,AA.2,AA.3,AA.4,AA.5,AA.6,AA.7,AA.8
AA.1	none
AA.2	none
AA.3	none
AA.4	none
AA.5	none
AA.6	none
AA.7	none
AA.8	none
B.1.177.16	none
B.1.177.17	none
B.1.177.18	none
B.1.177.19	none
B.1.177.20	none
B.1.177.21	none
B.1.177.23	none
B.1.177.24	none
B.1.177.25	none
B.1.177.26	none
B.1.177.27	none
B.1.177.28	none
B.1.177.29	none
B.1.177.30	none
B.1.177.31	none
B.1.177.32	none
B.1.177.33	none
B.1.177.34	none
B.1.177.35	none
B.1.177.36	none
B.1.177.37	none
B.1.177.38	none
B.1.177.39	none
B.1.177.40	none
B.1.177.41	none
B.1.177.42	none
B.1.177.43	none
B.1.177.44	none
B.1.177.45	none
B.1.177.46	none
B.1.177.47	none
B.1.177.48	none
B.1.177.49	none
B.1.177.50	Z.1
Z.1	none
B.1.177.51	none
B.1.177.52	Y.1
Y.1	none
B.1.177.53	W.1,W.2,W.3,W.4
W.1	none
W.2	none
W.3	none
W.4	none
B.1.177.54	V.1,V.2
V.1	none
V.2	none
B.1.177.55	none
B.1.177.56	none
B.1.177.57	none
B.1.177.58	none
B.1.177.59	none
B.1.177.60	U.1,U.2,U.3
U.1	none
U.2	none
U.3	none
B.1.177.61	none
B.1.177.62	none
B.1.177.63	none
B.1.177.64	none
B.1.177.65	none
B.1.177.66	none
B.1.177.67	none
B.1.177.68	none
B.1.177.69	none
B.1.177.70	none
B.1.177.71	none
B.1.177.72	none
B.1.177.73	none
B.1.177.74	none
B.1.177.75	none
B.1.177.76	none
B.1.177.77	none
B.1.177.78	none
B.1.177.80	none
B.1.177.81	none
B.1.177.82	none
B.1.177.83	none
B.1.177.84	none
B.1.177.85	none
B.1.177.86	none
B.1.177.87	none
B.1.177.88	none
B.1.177.89	none
B.1.178	none
B.1.179	none
B.1.180	none
B.1.181	none
B.1.182	none
B.1.184	none
B.1.187	none
B.1.188	none
B.1.189	none
B.1.190	none
B.1.192	none
B.1.194	none
B.1.195	none
B.1.198	none
B.1.199	none
B.1.201	none
B.1.203	none
B.1.206	none
B.1.205	none
B.1.208	none
B.1.210	none
B.1.211	none
B.1.212	none
B.1.213	none
B.1.214	B.1.214.1,B.1.214.2,B.1.214.3,B.1.214.4
B.1.214.1	none
B.1.214.2	none
B.1.214.3	none
B.1.214.4	none
B.1.215	none
B.1.218	none
B.1.219	none
B.1.220	none
B.1.221	B.1.221.1,B.1.221.2,B.1.221.3,B.1.221.4
B.1.221.1	none
B.1.221.2	none
B.1.221.3	none
B.1.221.4	none
B.1.222	none
B.1.223	none
B.1.224	none
B.1.225	none
B.1.227	none
B.1.229	none
B.1.231	none
B.1.232	none
B.1.233	none
B.1.234	none
B.1.235	none
B.1.236	none
B.1.237	none
B.1.238	none
B.1.239	none
B.1.240	B.1.240.1,B.1.240.2
B.1.240.1	none
B.1.240.2	none
B.1.241	none
B.1.243	B.1.243.1,B.1.243.2
B.1.243.1	none
B.1.243.2	none
B.1.242	none
B.1.245	none
B.1.247	none
B.1.249	none
B.1.248	none
B.1.250	none
B.1.251	none
B.1.252	none
B.1.254	none
B.1.256	none
B.1.258	B.1.258.2,B.1.258.3,B.1.258.4,B.1.258.5,B.1.258.6,B.1.258.7,B.1.258.9,B.1.258.10,B.1.258.11,B.1.258.12,B.1.258.14,B.1.258.15,B.1.258.16,B.1.258.17,B.1.258.18,B.1.258.19,B.1.258.20,B.1.258.21,B.1.258.22,B.1.258.23,B.1.258.24
B.1.258.2	G.1
G.1	none
B.1.258.3	none
B.1.258.4	none
B.1.258.5	none
B.1.258.6	none
B.1.258.7	none
B.1.258.9	none
B.1.258.10	none
B.1.258.11	none
B.1.258.12	none
B.1.258.14	none
B.1.258.15	none
B.1.258.16	none
B.1.258.17	none
B.1.258.18	none
B.1.258.19	none
B.1.258.20	none
B.1.258.21	none
B.1.258.22	none
B.1.258.23	none
B.1.258.24	none
B.1.260	none
B.1.263	none
B.1.264	B.1.264.1
B.1.264.1	none
B.1.265	none
B.1.267	none
B.1.268	none
B.1.270	none
B.1.273	none
B.1.274	none
B.1.276	none
B.1.277	none
B.1.279	none
B.1.280	none
B.1.281	none
B.1.282	none
B.1.284	none
B.1.285	none
B.1.287	none
B.1.289	none
B.1.291	none
B.1.292	none
B.1.293	none
B.1.294	none
B.1.298	none
B.1.301	none
B.1.302	none
B.1.304	none
B.1.305	none
B.1.306	none
B.1.308	none
B.1.309	none
B.1.310	none
B.1.311	none
B.1.313	none
B.1.314	none
B.1.315	none
B.1.316	none
B.1.318	none
B.1.319	none
B.1.320	none
B.1.321	none
B.1.323	none
B.1.324	none
B.1.325	none
B.1.326	none
B.1.328	none
B.1.329	none
B.1.330	none
B.1.332	none
B.1.333	none
B.1.334	none
B.1.335	none
B.1.336	none
B.1.337	none
B.1.338	none
B.1.340	none
B.1.341	none
B.1.342	none
B.1.344	none
B.1.346	none
B.1.348	none
B.1.349	none
B.1.350	B.1.350.1
B.1.350.1	none
B.1.351	B.1.351.1,B.1.351.2,B.1.351.3,B.1.351.5
B.1.351.1	none
B.1.351.2	none
B.1.351.3	none
B.1.351.5	none
B.1.343	none
B.1.354	none
B.1.355	none
B.1.356	none
B.1.357	none
B.1.358	none
B.1.359	none
B.1.360	none
B.1.361	none
B.1.362	B.1.362.1,B.1.362.2
B.1.362.1	none
B.1.362.2	none
B.1.363	none
B.1.366	none
B.1.367	none
B.1.369	B.1.369.1
B.1.369.1	none
B.1.370	none
B.1.371	none
B.1.372	none
B.1.375	none
B.1.377	none
B.1.378	none
B.1.379	none
B.1.380	none
B.1.381	none
B.1.382	none
B.1.383	none
B.1.384	none
B.1.385	none
B.1.387	none
B.1.388	none
B.1.389	none
B.1.390	none
B.1.391	none
B.1.393	none
B.1.395	none
B.1.396	none
B.1.397	none
B.1.398	none
B.1.399	none
B.1.400	B.1.400.1
B.1.400.1	none
B.1.401	none
B.1.402	none
B.1.403	none
B.1.404	none
B.1.405	none
B.1.406	none
B.1.407	none
B.1.408	none
B.1.409	none
B.1.411	none
B.1.413	none
B.1.415	B.1.415.1
B.1.415.1	none
B.1.416	B.1.416.1
B.1.416.1	none
B.1.417	none
B.1.418	none
B.1.420	none
B.1.421	none
B.1.422	none
B.1.423	none
B.1.424	none
B.1.425	none
B.1.426	none
B.1.427	none
B.1.428	B.1.428.1,B.1.428.2,B.1.428.3
B.1.428.1	none
B.1.428.2	none
B.1.428.3	none
B.1.429	B.1.429.1
B.1.429.1	none
B.1.431	none
B.1.432	none
B.1.433	none
B.1.434	none
B.1.435	none
B.1.436	none
B.1.437	none
B.1.438	B.1.438.1,B.1.438.2,B.1.438.3,B.1.438.4
B.1.438.1	none
B.1.438.2	none
B.1.438.3	none
B.1.438.4	none
B.1.439	none
B.1.441	none
B.1.442	none
B.1.443	none
B.1.444	none
B.1.445	none
B.1.446	none
B.1.448	none
B.1.450	none
B.1.451	none
B.1.452	none
B.1.453	none
B.1.456	none
B.1.458	none
B.1.459	none
B.1.460	none
B.1.462	none
B.1.463	none
B.1.465	none
B.1.466	B.1.466.1,B.1.466.2
B.1.466.1	none
B.1.466.2	AU.1,AU.2,AU.3
AU.1	none
AU.2	none
AU.3	none
B.1.467	none
B.1.468	none
B.1.469	none
B.1.470	none
B.1.471	none
B.1.473	none
B.1.474	none
B.1.475	none
B.1.476	none
B.1.478	none
B.1.479	none
B.1.480	none
B.1.482	none
B.1.483	none
B.1.485	none
B.1.486	none
B.1.487	none
B.1.488	none
B.1.489	none
B.1.490	none
B.1.491	none
B.1.492	none
B.1.493	none
B.1.494	none
B.1.495	none
B.1.496	none
B.1.497	none
B.1.498	none
B.1.499	B.1.499.1
B.1.499.1	none
B.1.500	none
B.1.501	none
B.1.502	none
B.1.503	none
B.1.504	none
B.1.505	none
B.1.506	none
B.1.507	none
B.1.508	none
B.1.509	none
B.1.510	none
B.1.511	none
B.1.513	none
B.1.515	none
B.1.516	none
B.1.517	B.1.517.1
B.1.517.1	none
B.1.518	none
B.1.520	none
B.1.521	none
B.1.523	none
B.1.524	none
B.1.525	none
B.1.526	none
B.1.527	none
B.1.528	none
B.1.529	none
B.1.530	none
B.1.531	none
B.1.532	none
B.1.533	none
B.1.534	none
B.1.535	none
B.1.536	none
B.1.537	none
B.1.538	none
B.1.539	none
B.1.540	none
B.1.541	none
B.1.542	none
B.1.543	none
B.1.544	none
B.1.545	none
B.1.546	none
B.1.547	none
B.1.548	none
B.1.549	none
B.1.550	none
B.1.551	none
B.1.552	none
B.1.554	none
B.1.555	none
B.1.556	none
B.1.557	none
B.1.558	none
B.1.559	none
B.1.560	none
B.1.561	none
B.1.562	none
B.1.563	none
B.1.564	B.1.564.1
B.1.564.1	none
B.1.565	none
B.1.566	none
B.1.567	none
B.1.568	none
B.1.569	none
B.1.570	none
B.1.571	none
B.1.572	none
B.1.573	none
B.1.574	none
B.1.575	B.1.575.1,B.1.575.2
B.1.575.1	none
B.1.575.2	none
B.1.576	none
B.1.577	none
B.1.578	none
B.1.579	none
B.1.580	none
B.1.581	none
B.1.582	none
B.1.585	none
B.1.586	none
B.1.587	none
B.1.588	B.1.588.1
B.1.588.1	none
B.1.589	none
B.1.590	none
B.1.591	none
B.1.592	none
B.1.593	none
B.1.594	none
B.1.595	B.1.595.1,B.1.595.2,B.1.595.3,B.1.595.4
B.1.595.1	none
B.1.595.2	none
B.1.595.3	none
B.1.595.4	none
B.1.596	B.1.596.1
B.1.596.1	none
B.1.597	none
B.1.598	none
B.1.599	none
B.1.600	none
B.1.601	none
B.1.602	none
B.1.603	none
B.1.604	none
B.1.605	none
B.1.606	none
B.1.607	none
B.1.609	none
B.1.610	none
B.1.611	none
B.1.612	none
B.1.613	none
B.1.614	none
B.1.615	none
B.1.616	none
B.1.617	B.1.617.1,B.1.617.2,B.1.617.3
B.1.617.1	none
B.1.617.2	AY.1,AY.2,AY.3,AY.4,AY.5,AY.6,AY.7,AY.8,AY.9,AY.10,AY.11,AY.13,AY.14,AY.15,AY.16,AY.17,AY.18,AY.19,AY.20,AY.21,AY.22,AY.23,AY.24,AY.25,AY.26,AY.27,AY.28,AY.29,AY.30,AY.31,AY.32,AY.33,AY.34,AY.35,AY.36,AY.37,AY.38,AY.39,AY.40,AY.41,AY.42,AY.43,AY.44,AY.45,AY.46,AY.47,AY.48,AY.49,AY.50,AY.51,AY.52,AY.53,AY.54,AY.55,AY.56,AY.57,AY.58,AY.59,AY.60,AY.61,AY.62,AY.63,AY.64,AY.65,AY.66,AY.67,AY.68,AY.69,AY.70,AY.71,AY.72,AY.73,AY.74,AY.75,AY.76,AY.77,AY.78,AY.79,AY.80,AY.81,AY.82,AY.83,AY.84,AY.85,AY.86,AY.87,AY.88,AY.90,AY.91,AY.92,AY.93,AY.94,AY.95,AY.98,AY.99,AY.100,AY.101,AY.102,AY.103,AY.104,AY.105,AY.106,AY.107,AY.108,AY.109,AY.110,AY.111,AY.112,AY.113,AY.114,AY.116,AY.117,AY.118,AY.119,AY.120,AY.121,AY.122,AY.123,AY.124,AY.125,AY.126,AY.127,AY.128,AY.129,AY.130,AY.131,AY.132,AY.133,AY.134
AY.1	none
AY.2	none
AY.3	AY.3.1,AY.3.2,AY.3.3,AY.3.4
AY.3.1	none
AY.3.2	none
AY.3.3	none
AY.3.4	none
AY.4	AY.4.1,AY.4.2,AY.4.3,AY.4.4,AY.4.5,AY.4.6,AY.4.7,AY.4.8,AY.4.9,AY.4.10,AY.4.11,AY.4.12,AY.4.13,AY.4.14,AY.4.15,AY.4.16,AY.4.17
AY.4.1	none
AY.4.2	AY.4.2.1,AY.4.2.2,AY.4.2.3,AY.4.2.4,AY.4.2.5
AY.4.2.1	none
AY.4.2.2	none
AY.4.2.3	none
AY.4.2.4	none
AY.4.2.5	none
AY.4.3	none
AY.4.4	none
AY.4.5	none
AY.4.6	none
AY.4.7	none
AY.4.8	none
AY.4.9	none
AY.4.10	none
AY.4.11	none
AY.4.12	none
AY.4.13	none
AY.4.14	none
AY.4.15	none
AY.4.16	none
AY.4.17	none
AY.5	AY.5.1,AY.5.2,AY.5.3,AY.5.4,AY.5.5,AY.5.6,AY.5.7
AY.5.1	none
AY.5.2	none
AY.5.3	none
AY.5.4	none
AY.5.5	none
AY.5.6	none
AY.5.7	none
AY.6	none
AY.7	AY.7.1,AY.7.2
AY.7.1	none
AY.7.2	none
AY.8	none
AY.9	AY.9.2
AY.9.2	AY.9.2.1,AY.9.2.2
AY.9.2.1	none
AY.9.2.2	none
AY.10	none
AY.11	none
AY.13	none
AY.14	none
AY.15	none
AY.16	AY.16.1
AY.16.1	none
AY.17	none
AY.18	none
AY.19	none
AY.20	AY.20.1
AY.20.1	none
AY.21	none
AY.22	none
AY.23	AY.23.1,AY.23.2
AY.23.1	none
AY.23.2	none
AY.24	AY.24.1
AY.24.1	none
AY.25	AY.25.1,AY.25.2,AY.25.3
AY.25.1	AY.25.1.1,AY.25.1.2
AY.25.1.1	none
AY.25.1.2	none
AY.25.2	none
AY.25.3	none
AY.26	AY.26.1
AY.26.1	none
AY.27	none
AY.28	none
AY.29	AY.29.1,AY.29.2
AY.29.1	none
AY.29.2	none
AY.30	none
AY.31	none
AY.32	none
AY.33	AY.33.1,AY.33.2
AY.33.1	none
AY.33.2	none
AY.34	AY.34.1,AY.34.2
AY.34.1	AY.34.1.1
AY.34.1.1	none
AY.34.2	none
AY.35	none
AY.36	AY.36.1
AY.36.1	none
AY.37	none
AY.38	none
AY.39	AY.39.1,AY.39.2,AY.39.3
AY.39.1	AY.39.1.1,AY.39.1.2,AY.39.1.3,AY.39.1.4
AY.39.1.1	none
AY.39.1.2	none
AY.39.1.3	none
AY.39.1.4	none
AY.39.2	none
AY.39.3	none
AY.40	none
AY.41	none
AY.42	AY.42.1
AY.42.1	none
AY.43	AY.43.1,AY.43.2,AY.43.3,AY.43.4,AY.43.5,AY.43.6,AY.43.7,AY.43.8,AY.43.9
AY.43.1	none
AY.43.2	none
AY.43.3	none
AY.43.4	none
AY.43.5	none
AY.43.6	none
AY.43.7	none
AY.43.8	none
AY.43.9	none
AY.44	none
AY.45	none
AY.46	AY.46.1,AY.46.2,AY.46.3,AY.46.4,AY.46.5,AY.46.6
AY.46.1	none
AY.46.2	none
AY.46.3	none
AY.46.4	none
AY.46.5	none
AY.46.6	AY.46.6.1
AY.46.6.1	none
AY.47	none
AY.48	none
AY.49	none
AY.50	none
AY.51	none
AY.52	none
AY.53	none
AY.54	none
AY.55	none
AY.56	none
AY.57	none
AY.58	none
AY.59	none
AY.60	none
AY.61	none
AY.62	none
AY.63	none
AY.64	none
AY.65	none
AY.66	none
AY.67	none
AY.68	none
AY.69	none
AY.70	none
AY.71	none
AY.72	none
AY.73	none
AY.74	none
AY.75	AY.75.2,AY.75.3
AY.75.2	none
AY.75.3	none
AY.76	none
AY.77	none
AY.78	none
AY.79	none
AY.80	none
AY.81	none
AY.82	none
AY.83	none
AY.84	none
AY.85	none
AY.86	none
AY.87	none
AY.88	none
AY.90	none
AY.91	AY.91.1
AY.91.1	none
AY.92	none
AY.93	none
AY.94	none
AY.95	none
AY.98	AY.98.1
AY.98.1	AY.98.1.1
AY.98.1.1	none
AY.99	AY.99.1,AY.99.2
AY.99.1	none
AY.99.2	none
AY.100	none
AY.101	none
AY.102	AY.102.1,AY.102.2
AY.102.1	none
AY.102.2	none
AY.103	AY.103.1,AY.103.2
AY.103.1	none
AY.103.2	none
AY.104	none
AY.105	none
AY.106	none
AY.107	none
AY.108	none
AY.109	none
AY.110	none
AY.111	none
AY.112	AY.112.1,AY.112.2,AY.112.3
AY.112.1	none
AY.112.2	none
AY.112.3	none
AY.113	none
AY.114	none
AY.116	AY.116.1
AY.116.1	none
AY.117	none
AY.118	none
AY.119	AY.119.1,AY.119.2
AY.119.1	none
AY.119.2	none
AY.120	AY.120.1,AY.120.2
AY.120.1	none
AY.120.2	AY.120.2.1
AY.120.2.1	none
AY.121	AY.121.1
AY.121.1	none
AY.122	AY.122.1,AY.122.2,AY.122.3,AY.122.4,AY.122.5,AY.122.6
AY.122.1	none
AY.122.2	none
AY.122.3	none
AY.122.4	none
AY.122.5	none
AY.122.6	none
AY.123	AY.123.1
AY.123.1	none
AY.124	AY.124.1
AY.124.1	AY.124.1.1
AY.124.1.1	none
AY.125	AY.125.1
AY.125.1	none
AY.126	none
AY.127	AY.127.1,AY.127.2,AY.127.3
AY.127.1	none
AY.127.2	none
AY.127.3	none
AY.128	none
AY.129	none
AY.130	none
AY.131	none
AY.132	none
AY.133	none
AY.134	none
B.1.617.3	none
B.1.618	none
B.1.619	B.1.619.1
B.1.619.1	none
B.1.620	none
B.1.621	B.1.621.1,B.1.621.2
B.1.621.1	BB.2
BB.2	none
B.1.621.2	none
B.1.622	none
B.1.623	none
B.1.625	none
B.1.626	none
B.1.627	none
B.1.629	none
B.1.630	none
B.1.631	none
B.1.632	none
B.1.633	none
B.1.634	none
B.1.635	none
B.1.636	none
B.1.637	B.1.637.1
B.1.637.1	none
B.1.638	none
B.1.639	none
B.1.640	B.1.640.1,B.1.640.2
B.1.640.1	none
B.1.640.2	none
B.1.641	none
B.1.9	B.1.9.1,B.1.9.2,B.1.9.3,B.1.9.4,B.1.9.5
B.1.9.1	none
B.1.9.2	none
B.1.9.3	none
B.1.9.4	none
B.1.9.5	none
B.3	B.3.1
B.3.1	none
B.4	B.4.1,B.4.2,B.4.4,B.4.5,B.4.6,B.4.7,B.4.8
B.4.1	none
B.4.2	none
B.4.4	none
B.4.5	none
B.4.6	none
B.4.7	none
B.4.8	none
B.5	none
B.6	B.6.1,B.6.2,B.6.3,B.6.4,B.6.5,B.6.6,B.6.8
B.6.1	none
B.6.2	none
B.6.3	none
B.6.4	none
B.6.5	none
B.6.6	none
B.6.8	none
B.10	none
B.11	none
B.12	none
B.13	none
B.15	none
B.18	none
B.19	none
B.20	none
B.23	none
B.26	none
B.27	none
B.28	none
B.29	none
B.30	none
B.31	none
B.32	none
B.33	none
B.34	none
B.35	none
B.36	none
B.37	none
B.38	none
B.39	none
B.40	none
B.41	none
B.42	none
B.43	none
B.44	none
B.45	none
B.46	none
B.47	none
B.49	none
B.50	none
B.51	none
B.52	none
B.53	none
B.55	none
B.56	none
B.57	none
B.58	none
B.60	none
B.61	none
XA	none
XB	none
XC	none
XD	none
XE	none
XF	none
XG	none
XH	none
XJ	none
XK	none
XL	none
XM	none
XN	none
XP	none
XQ	none
XR	none
XS	none
XT	none
XU	none
XV	none
XW	none
XY	none
XZ	none
XAA	none
XAB	none
XAC	none
XAD	none
XAE	none
XAF	none
XAG	none
XAH	none
XAJ	none
XAK	none
XAL	none
XAM	none
XAN	none
XAP	none
XAQ	none
XAR	none
XAS	none
XAT	none
XAU	none
XAV	none
XAW	none
XAY	XAY.1,XAY.2,XAY.3
XAY.1	XAY.1.1,XAY.1.2
XAY.1.1	XAY.1.1.1,XAY.1.1.2,XAY.1.1.3
XAY.1.1.1	GL.1,GL.2,GL.3
GL.1	none
GL.2	none
GL.3	none
XAY.1.1.2	none
XAY.1.1.3	none
XAY.1.2	none
XAY.2	XAY.2.1,XAY.2.2,XAY.2.3
XAY.2.1	none
XAY.2.2	none
XAY.2.3	none
XAY.3	none
XAZ	none
XBA	none
XBB	XBB.1,XBB.2,XBB.3,XBB.4,XBB.5,XBB.6,XBB.7,XBB.8,XBB.9
XBB.1	XBB.1.1,XBB.1.2,XBB.1.3,XBB.1.4,XBB.1.5,XBB.1.6,XBB.1.7,XBB.1.8,XBB.1.9,XBB.1.10,XBB.1.11,XBB.1.12,XBB.1.13,XBB.1.14,XBB.1.15,XBB.1.16,XBB.1.17,XBB.1.18,XBB.1.19,XBB.1.20,XBB.1.21,XBB.1.22,XBB.1.23,XBB.1.24,XBB.1.25,XBB.1.26,XBB.1.27,XBB.1.28,XBB.1.29,XBB.1.30,XBB.1.31,XBB.1.32,XBB.1.33,XBB.1.34,XBB.1.35,XBB.1.36,XBB.1.37,XBB.1.38,XBB.1.39,XBB.1.40,XBB.1.41,XBB.1.42,XBB.1.43,XBB.1.44,XBB.1.45,XBB.1.46,XBB.1.47,XBB.1.48,XBB.1.49
XBB.1.1	none
XBB.1.2	none
XBB.1.3	none
XBB.1.4	XBB.1.4.1,XBB.1.4.2
XBB.1.4.1	none
XBB.1.4.2	none
XBB.1.5	XBB.1.5.1,XBB.1.5.2,XBB.1.5.3,XBB.1.5.4,XBB.1.5.5,XBB.1.5.6,XBB.1.5.7,XBB.1.5.8,XBB.1.5.9,XBB.1.5.10,XBB.1.5.11,XBB.1.5.12,XBB.1.5.13,XBB.1.5.14,XBB.1.5.15,XBB.1.5.16,XBB.1.5.17,XBB.1.5.18,XBB.1.5.19,XBB.1.5.20,XBB.1.5.21,XBB.1.5.22,XBB.1.5.23,XBB.1.5.24,XBB.1.5.25,XBB.1.5.26,XBB.1.5.27,XBB.1.5.28,XBB.1.5.29,XBB.1.5.30,XBB.1.5.31,XBB.1.5.32,XBB.1.5.33,XBB.1.5.34,XBB.1.5.35,XBB.1.5.36,XBB.1.5.37,XBB.1.5.38,XBB.1.5.39,XBB.1.5.40,XBB.1.5.41,XBB.1.5.42,XBB.1.5.43,XBB.1.5.44,XBB.1.5.45,XBB.1.5.46,XBB.1.5.47,XBB.1.5.48,XBB.1.5.49,XBB.1.5.50,XBB.1.5.51,XBB.1.5.52,XBB.1.5.53,XBB.1.5.54,XBB.1.5.55,XBB.1.5.56,XBB.1.5.57,XBB.1.5.58,XBB.1.5.59,XBB.1.5.60,XBB.1.5.61,XBB.1.5.62,XBB.1.5.63,XBB.1.5.64,XBB.1.5.65,XBB.1.5.66,XBB.1.5.67,XBB.1.5.68,XBB.1.5.69,XBB.1.5.70,XBB.1.5.71,XBB.1.5.72,XBB.1.5.73,XBB.1.5.74,XBB.1.5.75,XBB.1.5.76,XBB.1.5.77,XBB.1.5.78,XBB.1.5.79,XBB.1.5.80,XBB.1.5.81,XBB.1.5.82,XBB.1.5.83,XBB.1.5.84,XBB.1.5.85,XBB.1.5.86,XBB.1.5.87,XBB.1.5.88,XBB.1.5.89,XBB.1.5.90,XBB.1.5.91,XBB.1.5.92,XBB.1.5.93,XBB.1.5.94,XBB.1.5.95,XBB.1.5.96,XBB.1.5.97,XBB.1.5.98,XBB.1.5.99,XBB.1.5.100,XBB.1.5.101,XBB.1.5.102,XBB.1.5.103,XBB.1.5.104,XBB.1.5.105,XBB.1.5.106,XBB.1.5.107,XBB.1.5.108,XBB.1.5.109,XBB.1.5.110
XBB.1.5.1	HJ.1
HJ.1	none
XBB.1.5.2	none
XBB.1.5.3	JK.1
JK.1	none
XBB.1.5.4	KM.1
KM.1	none
XBB.1.5.5	none
XBB.1.5.6	none
XBB.1.5.7	EM.1
EM.1	none
XBB.1.5.8	none
XBB.1.5.9	none
XBB.1.5.10	none
XBB.1.5.11	none
XBB.1.5.12	none
XBB.1.5.13	EK.1,EK.2,EK.3,EK.4
EK.1	none
EK.2	EK.2.1
EK.2.1	none
EK.3	none
EK.4	none
XBB.1.5.14	EL.1
EL.1	none
XBB.1.5.15	FD.1,FD.2,FD.3,FD.4,FD.5
FD.1	FD.1.1
FD.1.1	none
FD.2	FD.2.1
FD.2.1	none
FD.3	none
FD.4	FD.4.1
FD.4.1	none
FD.5	FD.5.1
FD.5.1	none
XBB.1.5.16	FG.1,FG.2,FG.3
FG.1	none
FG.2	none
FG.3	none
XBB.1.5.17	FH.1
FH.1	none
XBB.1.5.18	none
XBB.1.5.19	none
XBB.1.5.20	none
XBB.1.5.21	GC.1,GC.2
GC.1	none
GC.2	none
XBB.1.5.22	none
XBB.1.5.23	none
XBB.1.5.24	GF.1
GF.1	none
XBB.1.5.25	none
XBB.1.5.26	EU.1
EU.1	EU.1.1
EU.1.1	EU.1.1.1,EU.1.1.2,EU.1.1.3
EU.1.1.1	none
EU.1.1.2	none
EU.1.1.3	none
XBB.1.5.27	none
XBB.1.5.28	none
XBB.1.5.29	none
XBB.1.5.30	HM.1
HM.1	none
XBB.1.5.31	none
XBB.1.5.32	none
XBB.1.5.33	none
XBB.1.5.34	none
XBB.1.5.35	none
XBB.1.5.36	none
XBB.1.5.37	none
XBB.1.5.38	GG.1
GG.1	none
XBB.1.5.39	FT.1,FT.2,FT.3,FT.4
FT.1	none
FT.2	none
FT.3	FT.3.1
FT.3.1	FT.3.1.1
FT.3.1.1	none
FT.4	none
XBB.1.5.40	none
XBB.1.5.41	GU.1
GU.1	none
XBB.1.5.42	GR.1
GR.1	none
XBB.1.5.43	none
XBB.1.5.44	HC.1,HC.2,HC.3,HC.4
HC.1	none
HC.2	none
HC.3	none
HC.4	none
XBB.1.5.45	none
XBB.1.5.46	GB.1,GB.2
GB.1	none
GB.2	none
XBB.1.5.47	FZ.1,FZ.2
FZ.1	FZ.1.1
FZ.1.1	none
FZ.2	none
XBB.1.5.48	GV.1
GV.1	none
XBB.1.5.49	HT.1,HT.2
HT.1	none
HT.2	none
XBB.1.5.50	none
XBB.1.5.51	none
XBB.1.5.52	none
XBB.1.5.53	JB.1,JB.2
JB.1	JB.1.1
JB.1.1	none
JB.2	JB.2.1
JB.2.1	none
XBB.1.5.54	none
XBB.1.5.55	HP.1
HP.1	HP.1.1
HP.1.1	none
XBB.1.5.56	none
XBB.1.5.57	none
XBB.1.5.58	none
XBB.1.5.59	none
XBB.1.5.60	none
XBB.1.5.61	none
XBB.1.5.62	none
XBB.1.5.63	none
XBB.1.5.64	none
XBB.1.5.65	none
XBB.1.5.66	none
XBB.1.5.67	none
XBB.1.5.68	HZ.1,HZ.2,HZ.3
HZ.1	none
HZ.2	none
HZ.3	none
XBB.1.5.69	none
XBB.1.5.70	GK.1,GK.2,GK.3,GK.4,GK.5,GK.6,GK.7,GK.8,GK.9,GK.10,GK.11,GK.12
GK.1	GK.1.1,GK.1.2,GK.1.3,GK.1.4,GK.1.5,GK.1.6,GK.1.7,GK.1.8,GK.1.9,GK.1.10,GK.1.11
GK.1.1	GK.1.1.1
GK.1.1.1	none
GK.1.2	GK.1.2.1
GK.1.2.1	none
GK.1.3	none
GK.1.4	none
GK.1.5	none
GK.1.6	GK.1.6.1
GK.1.6.1	none
GK.1.7	none
GK.1.8	GK.1.8.1
GK.1.8.1	none
GK.1.9	none
GK.1.10	GK.1.10.1
GK.1.10.1	KN.1
KN.1	KN.1.1
KN.1.1	none
GK.1.11	GK.1.11.1
GK.1.11.1	none
GK.2	GK.2.1,GK.2.2,GK.2.3,GK.2.4
GK.2.1	GK.2.1.1
GK.2.1.1	none
GK.2.2	none
GK.2.3	none
GK.2.4	none
GK.3	GK.3.1,GK.3.2
GK.3.1	none
GK.3.2	none
GK.4	none
GK.5	GK.5.1
GK.5.1	none
GK.6	none
GK.7	none
GK.8	GK.8.1
GK.8.1	none
GK.9	none
GK.10	none
GK.11	none
GK.12	none
XBB.1.5.71	none
XBB.1.5.72	none
XBB.1.5.73	GN.1,GN.2,GN.3,GN.4,GN.5
GN.1	GN.1.1,GN.1.2,GN.1.3,GN.1.4
GN.1.1	none
GN.1.2	none
GN.1.3	none
GN.1.4	none
GN.2	none
GN.3	none
GN.4	none
GN.5	none
XBB.1.5.74	none
XBB.1.5.75	none
XBB.1.5.76	none
XBB.1.5.77	HR.1
HR.1	HR.1.1
HR.1.1	none
XBB.1.5.78	none
XBB.1.5.79	none
XBB.1.5.80	none
XBB.1.5.81	none
XBB.1.5.82	none
XBB.1.5.83	none
XBB.1.5.84	none
XBB.1.5.85	none
XBB.1.5.86	HA.1,HA.2
HA.1	none
HA.2	none
XBB.1.5.87	none
XBB.1.5.88	none
XBB.1.5.89	none
XBB.1.5.90	none
XBB.1.5.91	none
XBB.1.5.92	HQ.1
HQ.1	none
XBB.1.5.93	HD.1
HD.1	HD.1.1
HD.1.1	none
XBB.1.5.94	none
XBB.1.5.95	HS.1
HS.1	HS.1.1
HS.1.1	none
XBB.1.5.96	none
XBB.1.5.97	none
XBB.1.5.98	none
XBB.1.5.99	none
XBB.1.5.100	HY.1
HY.1	none
XBB.1.5.101	none
XBB.1.5.102	JD.1,JD.2
JD.1	JD.1.1,JD.1.2
JD.1.1	JD.1.1.1,JD.1.1.2,JD.1.1.3,JD.1.1.4,JD.1.1.5,JD.1.1.6,JD.1.1.7,JD.1.1.8
JD.1.1.1	none
JD.1.1.2	none
JD.1.1.3	none
JD.1.1.4	none
JD.1.1.5	none
JD.1.1.6	none
JD.1.1.7	none
JD.1.1.8	KK.1,KK.2
KK.1	none
KK.2	none
JD.1.2	JD.1.2.1,JD.1.2.2
JD.1.2.1	none
JD.1.2.2	none
JD.2	JD.2.1
JD.2.1	none
XBB.1.5.103	KA.1
KA.1	none
XBB.1.5.104	none
XBB.1.5.105	none
XBB.1.5.106	none
XBB.1.5.107	JZ.1
JZ.1	none
XBB.1.5.108	none
XBB.1.5.109	none
XBB.1.5.110	none
XBB.1.6	none
XBB.1.7	none
XBB.1.8	none
XBB.1.9	XBB.1.9.1,XBB.1.9.2,XBB.1.9.3,XBB.1.9.4,XBB.1.9.5,XBB.1.9.6,XBB.1.9.7
XBB.1.9.1	FL.1,FL.2,FL.3,FL.4,FL.5,FL.6,FL.7,FL.8,FL.9,FL.10,FL.11,FL.12,FL.13,FL.14,FL.15,FL.16,FL.17,FL.18,FL.19,FL.20,FL.21,FL.22,FL.23,FL.24,FL.25,FL.26,FL.27,FL.28,FL.29,FL.30,FL.31,FL.32,FL.33,FL.34,FL.35,FL.36,FL.37,FL.38,FL.39,FL.40
FL.1	FL.1.1,FL.1.2,FL.1.3,FL.1.4,FL.1.5,FL.1.6,FL.1.7,FL.1.8
FL.1.1	FL.1.1.1
FL.1.1.1	none
FL.1.2	none
FL.1.3	none
FL.1.4	none
FL.1.5	FL.1.5.1,FL.1.5.2
FL.1.5.1	HN.1,HN.2,HN.3,HN.4,HN.5,HN.6,HN.7,HN.8
HN.1	none
HN.2	HN.2.1
HN.2.1	none
HN.3	HN.3.1
HN.3.1	none
HN.4	HN.4.1,HN.4.2
HN.4.1	HN.4.1.1
HN.4.1.1	none
HN.4.2	none
HN.5	none
HN.6	none
HN.7	none
HN.8	none
FL.1.5.2	KC.1
KC.1	KC.1.1
KC.1.1	none
FL.1.6	none
FL.1.7	none
FL.1.8	none
FL.2	FL.2.1,FL.2.2,FL.2.3,FL.2.4,FL.2.5,FL.2.6,FL.2.7
FL.2.1	none
FL.2.2	FL.2.2.1
FL.2.2.1	none
FL.2.3	FL.2.3.1
FL.2.3.1	none
FL.2.4	none
FL.2.5	none
FL.2.6	none
FL.2.7	FL.2.7.1
FL.2.7.1	none
FL.3	FL.3.1,FL.3.2,FL.3.3,FL.3.4
FL.3.1	none
FL.3.2	none
FL.3.3	none
FL.3.4	none
FL.4	FL.4.1,FL.4.2,FL.4.3,FL.4.4,FL.4.5,FL.4.6,FL.4.7,FL.4.8,FL.4.9,FL.4.10,FL.4.11
FL.4.1	FL.4.1.1
FL.4.1.1	none
FL.4.2	none
FL.4.3	none
FL.4.4	none
FL.4.5	none
FL.4.6	none
FL.4.7	none
FL.4.8	none
FL.4.9	none
FL.4.10	none
FL.4.11	none
FL.5	FL.5.1
FL.5.1	none
FL.6	none
FL.7	none
FL.8	none
FL.9	none
FL.10	FL.10.1,FL.10.2,FL.10.3
FL.10.1	none
FL.10.2	none
FL.10.3	none
FL.11	none
FL.12	none
FL.13	FL.13.1,FL.13.2,FL.13.3,FL.13.4,FL.13.5
FL.13.1	none
FL.13.2	FL.13.2.1
FL.13.2.1	none
FL.13.3	FL.13.3.1
FL.13.3.1	none
FL.13.4	FL.13.4.1
FL.13.4.1	none
FL.13.5	none
FL.14	none
FL.15	FL.15.1,FL.15.2,FL.15.3,FL.15.4
FL.15.1	FL.15.1.1
FL.15.1.1	KF.1,KF.2
KF.1	none
KF.2	none
FL.15.2	none
FL.15.3	none
FL.15.4	none
FL.16	none
FL.17	FL.17.1,FL.17.2
FL.17.1	none
FL.17.2	none
FL.18	FL.18.1
FL.18.1	FL.18.1.1
FL.18.1.1	none
FL.19	FL.19.1
FL.19.1	none
FL.20	FL.20.1,FL.20.2
FL.20.1	none
FL.20.2	none
FL.21	FL.21.1,FL.21.2
FL.21.1	none
FL.21.2	none
FL.22	none
FL.23	FL.23.1,FL.23.2
FL.23.1	none
FL.23.2	FL.23.2.1
FL.23.2.1	none
FL.24	FL.24.1
FL.24.1	none
FL.25	none
FL.26	FL.26.1
FL.26.1	none
FL.27	none
FL.28	none
FL.29	none
FL.30	FL.30.1
FL.30.1	none
FL.31	FL.31.1
FL.31.1	none
FL.32	FL.32.1
FL.32.1	none
FL.33	FL.33.1
FL.33.1	none
FL.34	none
FL.35	FL.35.1
FL.35.1	none
FL.36	none
FL.37	none
FL.38	none
FL.39	FL.39.1
FL.39.1	none
FL.40	none
XBB.1.9.2	EG.1,EG.2,EG.3,EG.4,EG.5,EG.6,EG.7,EG.8,EG.9,EG.10,EG.11,EG.12,EG.13,EG.14
EG.1	EG.1.1,EG.1.2,EG.1.3,EG.1.4,EG.1.5,EG.1.6,EG.1.7,EG.1.8
EG.1.1	none
EG.1.2	none
EG.1.3	none
EG.1.4	EG.1.4.1
EG.1.4.1	none
EG.1.5	none
EG.1.6	none
EG.1.7	none
EG.1.8	none
EG.2	EG.2.1,EG.2.2,EG.2.3,EG.2.4,EG.2.5
EG.2.1	none
EG.2.2	none
EG.2.3	none
EG.2.4	none
EG.2.5	none
EG.3	none
EG.4	EG.4.1,EG.4.2,EG.4.3,EG.4.4,EG.4.5
EG.4.1	none
EG.4.2	none
EG.4.3	none
EG.4.4	none
EG.4.5	none
EG.5	EG.5.1,EG.5.2
EG.5.1	EG.5.1.1,EG.5.1.2,EG.5.1.3,EG.5.1.4,EG.5.1.5,EG.5.1.6,EG.5.1.7,EG.5.1.8,EG.5.1.9,EG.5.1.10,EG.5.1.11,EG.5.1.12,EG.5.1.13,EG.5.1.14,EG.5.1.15,EG.5.1.16,EG.5.1.17,EG.5.1.18,EG.5.1.19
EG.5.1.1	HK.1,HK.2,HK.3,HK.4,HK.5,HK.6,HK.7,HK.8,HK.9,HK.11,HK.12,HK.13,HK.14,HK.15,HK.16,HK.17,HK.18,HK.19,HK.20,HK.21,HK.22,HK.23,HK.24,HK.25,HK.26,HK.27,HK.28,HK.29,HK.30,HK.31,HK.32,HK.33,HK.34
HK.1	HK.1.2
HK.1.2	none
HK.2	HK.2.1
HK.2.1	none
HK.3	HK.3.1,HK.3.2,HK.3.3,HK.3.4,HK.3.5,HK.3.6,HK.3.7,HK.3.8,HK.3.9,HK.3.10,HK.3.11,HK.3.12,HK.3.13,HK.3.14
HK.3.1	none
HK.3.2	HK.3.2.1,HK.3.2.2
HK.3.2.1	none
HK.3.2.2	none
HK.3.3	none
HK.3.4	none
HK.3.5	none
HK.3.6	none
HK.3.7	none
HK.3.8	none
HK.3.9	none
HK.3.10	none
HK.3.11	none
HK.3.12	none
HK.3.13	none
HK.3.14	none
HK.4	none
HK.5	none
HK.6	none
HK.7	none
HK.8	HK.8.1
HK.8.1	none
HK.9	none
HK.11	HK.11.1
HK.11.1	none
HK.12	none
HK.13	HK.13.1,HK.13.2
HK.13.1	none
HK.13.2	HK.13.2.1
HK.13.2.1	none
HK.14	none
HK.15	none
HK.16	none
HK.17	none
HK.18	none
HK.19	none
HK.20	HK.20.1
HK.20.1	none
HK.21	none
HK.22	none
HK.23	HK.23.1
HK.23.1	HK.23.1.1
HK.23.1.1	none
HK.24	HK.24.1
HK.24.1	none
HK.25	none
HK.26	HK.26.1
HK.26.1	none
HK.27	HK.27.1
HK.27.1	HK.27.1.1
HK.27.1.1	none
HK.28	none
HK.29	none
HK.30	none
HK.31	none
HK.32	none
HK.33	none
HK.34	HK.34.1
HK.34.1	none
EG.5.1.2	none
EG.5.1.3	JG.1,JG.2,JG.3,JG.4
JG.1	none
JG.2	none
JG.3	JG.3.1,JG.3.2,JG.3.3,JG.3.4
JG.3.1	none
JG.3.2	none
JG.3.3	none
JG.3.4	none
JG.4	none
EG.5.1.4	JJ.1
JJ.1	none
EG.5.1.5	none
EG.5.1.6	HV.1,HV.2
HV.1	HV.1.1,HV.1.2,HV.1.3,HV.1.4,HV.1.5,HV.1.6,HV.1.7,HV.1.8,HV.1.9,HV.1.10,HV.1.11
HV.1.1	none
HV.1.2	none
HV.1.3	none
HV.1.4	none
HV.1.5	none
HV.1.6	HV.1.6.1
HV.1.6.1	KL.1
KL.1	KL.1.1
KL.1.1	none
HV.1.7	none
HV.1.8	none
HV.1.9	none
HV.1.10	none
HV.1.11	none
HV.2	none
EG.5.1.7	none
EG.5.1.8	KB.1,KB.2,KB.3,KB.4
KB.1	none
KB.2	none
KB.3	none
KB.4	none
EG.5.1.9	none
EG.5.1.10	none
EG.5.1.11	JR.1
JR.1	JR.1.1
JR.1.1	JR.1.1.1
JR.1.1.1	none
EG.5.1.12	none
EG.5.1.13	none
EG.5.1.14	none
EG.5.1.15	none
EG.5.1.16	none
EG.5.1.17	none
EG.5.1.18	none
EG.5.1.19	none
EG.5.2	EG.5.2.1,EG.5.2.2,EG.5.2.3,EG.5.2.4
EG.5.2.1	none
EG.5.2.2	none
EG.5.2.3	none
EG.5.2.4	none
EG.6	EG.6.1
EG.6.1	EG.6.1.1,EG.6.1.2
EG.6.1.1	none
EG.6.1.2	none
EG.7	none
EG.8	none
EG.9	EG.9.1
EG.9.1	none
EG.10	EG.10.1
EG.10.1	EG.10.1.1
EG.10.1.1	none
EG.11	none
EG.12	none
EG.13	none
EG.14	none
XBB.1.9.3	GD.1,GD.2,GD.3
GD.1	none
GD.2	none
GD.3	none
XBB.1.9.4	none
XBB.1.9.5	none
XBB.1.9.6	none
XBB.1.9.7	none
XBB.1.10	none
XBB.1.11	XBB.1.11.1
XBB.1.11.1	FP.1,FP.2,FP.3,FP.4
FP.1	none
FP.2	FP.2.1
FP.2.1	FP.2.1.1,FP.2.1.2
FP.2.1.1	none
FP.2.1.2	none
FP.3	none
FP.4	none
XBB.1.12	XBB.1.12.1
XBB.1.12.1	none
XBB.1.13	XBB.1.13.1
XBB.1.13.1	none
XBB.1.14	XBB.1.14.1
XBB.1.14.1	none
XBB.1.15	XBB.1.15.1
XBB.1.15.1	none
XBB.1.16	XBB.1.16.1,XBB.1.16.2,XBB.1.16.3,XBB.1.16.4,XBB.1.16.5,XBB.1.16.6,XBB.1.16.7,XBB.1.16.8,XBB.1.16.9,XBB.1.16.10,XBB.1.16.11,XBB.1.16.12,XBB.1.16.13,XBB.1.16.14,XBB.1.16.15,XBB.1.16.16,XBB.1.16.17,XBB.1.16.18,XBB.1.16.19,XBB.1.16.20,XBB.1.16.21,XBB.1.16.22,XBB.1.16.23,XBB.1.16.24,XBB.1.16.25,XBB.1.16.26,XBB.1.16.27,XBB.1.16.28,XBB.1.16.29,XBB.1.16.30,XBB.1.16.31,XBB.1.16.32
XBB.1.16.1	FU.1,FU.2,FU.3,FU.4,FU.5
FU.1	FU.1.1
FU.1.1	FU.1.1.1
FU.1.1.1	none
FU.2	FU.2.1
FU.2.1	none
FU.3	FU.3.1
FU.3.1	none
FU.4	none
FU.5	none
XBB.1.16.2	GY.1,GY.2,GY.3,GY.4,GY.5,GY.6,GY.7,GY.8,GY.9
GY.1	GY.1.1
GY.1.1	GY.1.1.1
GY.1.1.1	none
GY.2	GY.2.1
GY.2.1	none
GY.3	none
GY.4	none
GY.5	none
GY.6	none
GY.7	none
GY.8	none
GY.9	none
XBB.1.16.3	none
XBB.1.16.4	none
XBB.1.16.5	none
XBB.1.16.6	JF.1,JF.2,JF.3,JF.4
JF.1	JF.1.1
JF.1.1	JF.1.1.1,JF.1.1.2
JF.1.1.1	none
JF.1.1.2	none
JF.2	none
JF.3	none
JF.4	none
XBB.1.16.7	none
XBB.1.16.8	none
XBB.1.16.9	none
XBB.1.16.10	none
XBB.1.16.11	none
XBB.1.16.12	none
XBB.1.16.13	HF.1
HF.1	HF.1.1,HF.1.2
HF.1.1	none
HF.1.2	none
XBB.1.16.14	none
XBB.1.16.15	JM.1,JM.2
JM.1	none
JM.2	none
XBB.1.16.16	none
XBB.1.16.17	none
XBB.1.16.18	none
XBB.1.16.19	none
XBB.1.16.20	none
XBB.1.16.21	none
XBB.1.16.22	none
XBB.1.16.23	none
XBB.1.16.24	none
XBB.1.16.25	none
XBB.1.16.26	none
XBB.1.16.27	none
XBB.1.16.28	none
XBB.1.16.29	none
XBB.1.16.30	none
XBB.1.16.31	none
XBB.1.16.32	KJ.1
KJ.1	none
XBB.1.17	XBB.1.17.1,XBB.1.17.2
XBB.1.17.1	GA.1,GA.2,GA.3,GA.4,GA.5,GA.6,GA.7,GA.8,GA.9,GA.10
GA.1	none
GA.2	GA.2.1
GA.2.1	GA.2.1.1
GA.2.1.1	none
GA.3	none
GA.4	GA.4.1,GA.4.2,GA.4.3
GA.4.1	GA.4.1.1,GA.4.1.2,GA.4.1.3
GA.4.1.1	none
GA.4.1.2	none
GA.4.1.3	none
GA.4.2	none
GA.4.3	none
GA.5	none
GA.6	GA.6.1
GA.6.1	none
GA.7	GA.7.1,GA.7.2
GA.7.1	none
GA.7.2	none
GA.8	GA.8.1
GA.8.1	none
GA.9	none
GA.10	GA.10.1
GA.10.1	none
XBB.1.17.2	none
XBB.1.18	XBB.1.18.1
XBB.1.18.1	FE.1
FE.1	FE.1.1,FE.1.2
FE.1.1	FE.1.1.1,FE.1.1.2,FE.1.1.3,FE.1.1.4,FE.1.1.5
FE.1.1.1	HE.1,HE.2
HE.1	none
HE.2	none
FE.1.1.2	none
FE.1.1.3	none
FE.1.1.4	none
FE.1.1.5	none
FE.1.2	none
XBB.1.19	XBB.1.19.1,XBB.1.19.2
XBB.1.19.1	GW.1,GW.2,GW.3,GW.4,GW.5
GW.1	GW.1.1
GW.1.1	none
GW.2	none
GW.3	none
GW.4	none
GW.5	GW.5.1,GW.5.2,GW.5.3
GW.5.1	GW.5.1.1
GW.5.1.1	KE.1,KE.2,KE.3
KE.1	none
KE.2	none
KE.3	none
GW.5.2	none
GW.5.3	GW.5.3.1
GW.5.3.1	none
XBB.1.19.2	none
XBB.1.20	none
XBB.1.21	none
XBB.1.22	XBB.1.22.1,XBB.1.22.2,XBB.1.22.3
XBB.1.22.1	FY.1,FY.2,FY.3,FY.4,FY.5,FY.6,FY.7,FY.8,FY.9
FY.1	FY.1.1,FY.1.2,FY.1.3,FY.1.4
FY.1.1	none
FY.1.2	FY.1.2.1,FY.1.2.2,FY.1.2.3
FY.1.2.1	none
FY.1.2.2	none
FY.1.2.3	none
FY.1.3	none
FY.1.4	FY.1.4.1
FY.1.4.1	none
FY.2	FY.2.1
FY.2.1	none
FY.3	FY.3.1,FY.3.2,FY.3.3
FY.3.1	none
FY.3.2	none
FY.3.3	none
FY.4	FY.4.1,FY.4.2
FY.4.1	FY.4.1.1,FY.4.1.2
FY.4.1.1	none
FY.4.1.2	none
FY.4.2	none
FY.5	FY.5.1,FY.5.2,FY.5.3,FY.5.4,FY.5.5
FY.5.1	FY.5.1.1
FY.5.1.1	none
FY.5.2	none
FY.5.3	none
FY.5.4	none
FY.5.5	FY.5.5.1
FY.5.5.1	none
FY.6	FY.6.1,FY.6.2
FY.6.1	none
FY.6.2	none
FY.7	none
FY.8	FY.8.1
FY.8.1	FY.8.1.1
FY.8.1.1	none
FY.9	none
XBB.1.22.2	HU.1,HU.2
HU.1	HU.1.1
HU.1.1	none
HU.2	none
XBB.1.22.3	none
XBB.1.23	none
XBB.1.24	XBB.1.24.1,XBB.1.24.2,XBB.1.24.3
XBB.1.24.1	none
XBB.1.24.2	none
XBB.1.24.3	none
XBB.1.25	none
XBB.1.26	none
XBB.1.27	none
XBB.1.28	XBB.1.28.1
XBB.1.28.1	FW.1,FW.2,FW.3
FW.1	FW.1.1
FW.1.1	FW.1.1.1
FW.1.1.1	none
FW.2	none
FW.3	none
XBB.1.29	none
XBB.1.30	none
XBB.1.31	XBB.1.31.1,XBB.1.31.2
XBB.1.31.1	none
XBB.1.31.2	none
XBB.1.32	XBB.1.32.1
XBB.1.32.1	none
XBB.1.33	none
XBB.1.34	XBB.1.34.1,XBB.1.34.2
XBB.1.34.1	none
XBB.1.34.2	HB.1
HB.1	none
XBB.1.35	none
XBB.1.36	none
XBB.1.37	XBB.1.37.1
XBB.1.37.1	none
XBB.1.38	XBB.1.38.1
XBB.1.38.1	none
XBB.1.39	none
XBB.1.40	none
XBB.1.41	XBB.1.41.1,XBB.1.41.2,XBB.1.41.3
XBB.1.41.1	JC.1,JC.2,JC.3,JC.4,JC.5,JC.6
JC.1	none
JC.2	none
JC.3	none
JC.4	none
JC.5	JC.5.1
JC.5.1	none
JC.6	none
XBB.1.41.2	none
XBB.1.41.3	JW.1
JW.1	JW.1.1
JW.1.1	none
XBB.1.42	XBB.1.42.1,XBB.1.42.2
XBB.1.42.1	none
XBB.1.42.2	HL.1,HL.2
HL.1	none
HL.2	none
XBB.1.43	XBB.1.43.1
XBB.1.43.1	none
XBB.1.44	XBB.1.44.1
XBB.1.44.1	none
XBB.1.45	XBB.1.45.1
XBB.1.45.1	none
XBB.1.46	none
XBB.1.47	XBB.1.47.1
XBB.1.47.1	none
XBB.1.48	none
XBB.1.49	none
XBB.2	XBB.2.1,XBB.2.2,XBB.2.3,XBB.2.4,XBB.2.5,XBB.2.6,XBB.2.7,XBB.2.8,XBB.2.9,XBB.2.10,XBB.2.11,XBB.2.12
XBB.2.1	none
XBB.2.2	none
XBB.2.3	XBB.2.3.1,XBB.2.3.2,XBB.2.3.3,XBB.2.3.4,XBB.2.3.5,XBB.2.3.6,XBB.2.3.7,XBB.2.3.8,XBB.2.3.9,XBB.2.3.10,XBB.2.3.11,XBB.2.3.12,XBB.2.3.13,XBB.2.3.14,XBB.2.3.15,XBB.2.3.16,XBB.2.3.17,XBB.2.3.18,XBB.2.3.19,XBB.2.3.20,XBB.2.3.21,XBB.2.3.22
XBB.2.3.1	none
XBB.2.3.2	HH.1,HH.2,HH.3,HH.4,HH.5,HH.6,HH.7,HH.8
HH.1	HH.1.1
HH.1.1	none
HH.2	HH.2.1
HH.2.1	none
HH.3	none
HH.4	none
HH.5	none
HH.6	none
HH.7	none
HH.8	HH.8.1
HH.8.1	none
XBB.2.3.3	GJ.1,GJ.2,GJ.3,GJ.4,GJ.5,GJ.6,GJ.7
GJ.1	GJ.1.1,GJ.1.2
GJ.1.1	none
GJ.1.2	GJ.1.2.1,GJ.1.2.2,GJ.1.2.3,GJ.1.2.4,GJ.1.2.5,GJ.1.2.6,GJ.1.2.7,GJ.1.2.8
GJ.1.2.1	JE.1
JE.1	JE.1.1
JE.1.1	JE.1.1.1
JE.1.1.1	KH.1
KH.1	none
GJ.1.2.2	none
GJ.1.2.3	none
GJ.1.2.4	none
GJ.1.2.5	none
GJ.1.2.6	none
GJ.1.2.7	none
GJ.1.2.8	none
GJ.2	none
GJ.3	none
GJ.4	none
GJ.5	GJ.5.1
GJ.5.1	none
GJ.6	none
GJ.7	none
XBB.2.3.4	GZ.1
GZ.1	none
XBB.2.3.5	none
XBB.2.3.6	GM.1,GM.2,GM.3
GM.1	none
GM.2	none
GM.3	GM.3.1
GM.3.1	none
XBB.2.3.7	none
XBB.2.3.8	HG.1,HG.2,HG.3
HG.1	HG.1.1
HG.1.1	none
HG.2	none
HG.3	none
XBB.2.3.9	none
XBB.2.3.10	GE.1
GE.1	GE.1.1,GE.1.2,GE.1.3,GE.1.4,GE.1.5,GE.1.6
GE.1.1	none
GE.1.2	GE.1.2.1,GE.1.2.2
GE.1.2.1	KT.1
KT.1	KT.1.1,KT.1.2
KT.1.1	none
KT.1.2	none
GE.1.2.2	none
GE.1.3	none
GE.1.4	none
GE.1.5	none
GE.1.6	none
XBB.2.3.11	GS.1,GS.2,GS.3,GS.4,GS.5,GS.6,GS.7,GS.8
GS.1	none
GS.2	none
GS.3	none
GS.4	GS.4.1
GS.4.1	GS.4.1.1
GS.4.1.1	none
GS.5	none
GS.6	none
GS.7	GS.7.1
GS.7.1	none
GS.8	none
XBB.2.3.12	JU.1
JU.1	none
XBB.2.3.13	JA.1
JA.1	none
XBB.2.3.14	none
XBB.2.3.15	JS.1,JS.2
JS.1	none
JS.2	none
XBB.2.3.16	none
XBB.2.3.17	none
XBB.2.3.18	none
XBB.2.3.19	JY.1
JY.1	JY.1.1
JY.1.1	none
XBB.2.3.20	none
XBB.2.3.21	none
XBB.2.3.22	none
XBB.2.4	none
XBB.2.5	none
XBB.2.6	XBB.2.6.1,XBB.2.6.2,XBB.2.6.3
XBB.2.6.1	GH.1
GH.1	none
XBB.2.6.2	none
XBB.2.6.3	none
XBB.2.7	XBB.2.7.1
XBB.2.7.1	none
XBB.2.8	none
XBB.2.9	none
XBB.2.10	none
XBB.2.11	XBB.2.11.1
XBB.2.11.1	none
XBB.2.12	none
XBB.3	XBB.3.1,XBB.3.2,XBB.3.3,XBB.3.4,XBB.3.5
XBB.3.1	none
XBB.3.2	none
XBB.3.3	none
XBB.3.4	none
XBB.3.5	none
XBB.4	XBB.4.1
XBB.4.1	none
XBB.5	none
XBB.6	XBB.6.1
XBB.6.1	none
XBB.7	none
XBB.8	XBB.8.1,XBB.8.2
XBB.8.1	none
XBB.8.2	none
XBB.9	none
XBC	XBC.1,XBC.2
XBC.1	XBC.1.1,XBC.1.2,XBC.1.3,XBC.1.4,XBC.1.5,XBC.1.6,XBC.1.7
XBC.1.1	XBC.1.1.1,XBC.1.1.2
XBC.1.1.1	none
XBC.1.1.2	none
XBC.1.2	XBC.1.2.1
XBC.1.2.1	none
XBC.1.3	XBC.1.3.1
XBC.1.3.1	KD.1,KD.2,KD.3,KD.4
KD.1	none
KD.2	none
KD.3	none
KD.4	none
XBC.1.4	none
XBC.1.5	none
XBC.1.6	XBC.1.6.1,XBC.1.6.2,XBC.1.6.3,XBC.1.6.4,XBC.1.6.5,XBC.1.6.6
XBC.1.6.1	GT.1
GT.1	none
XBC.1.6.2	none
XBC.1.6.3	HW.1
HW.1	HW.1.1,HW.1.2,HW.1.3
HW.1.1	none
HW.1.2	none
HW.1.3	none
XBC.1.6.4	none
XBC.1.6.5	none
XBC.1.6.6	JT.1
JT.1	none
XBC.1.7	XBC.1.7.1,XBC.1.7.2
XBC.1.7.1	none
XBC.1.7.2	none
XBC.2	XBC.2.1
XBC.2.1	none
XBD	none
XBE	none
XBF	XBF.1,XBF.2,XBF.3,XBF.4,XBF.5,XBF.6,XBF.7,XBF.8,XBF.9,XBF.10
XBF.1	XBF.1.1
XBF.1.1	none
XBF.2	none
XBF.3	none
XBF.4	none
XBF.5	none
XBF.6	none
XBF.7	XBF.7.1
XBF.7.1	none
XBF.8	XBF.8.1
XBF.8.1	none
XBF.9	none
XBF.10	none
XBG	none
XBH	none
XBJ	XBJ.1,XBJ.2,XBJ.3,XBJ.4
XBJ.1	XBJ.1.1
XBJ.1.1	none
XBJ.2	none
XBJ.3	none
XBJ.4	none
XBK	XBK.1
XBK.1	none
XBL	XBL.1,XBL.2,XBL.3
XBL.1	none
XBL.2	none
XBL.3	XBL.3.1
XBL.3.1	none
XBM	none
XBN	none
XBP	none
XBQ	none
XBR	none
XBS	none
XBT	none
XBU	none
XBV	none
XBW	none
XBY	none
XBZ	none
XCA	none
XCB	none
XCC	none
XCD	none
XCE	none
XCF	XCF.1,XCF.2,XCF.3
XCF.1	none
XCF.2	none
XCF.3	none
XCG	none
XCH	XCH.1
XCH.1	none
XCJ	none
XCK	none
XCL	none
XCM	none
XCN	none
XCP	none
XCQ	none
XCR	none
XCS	none
XCT	XCT.1
XCT.1	none
XCU	none
XCV	none
XCW	none
XCY	none
XCZ	none
XDA	XDA.1
XDA.1	none
XDB	none
XDC	none
XDD	XDD.1,XDD.2,XDD.3
XDD.1	XDD.1.1
XDD.1.1	XDD.1.1.1
XDD.1.1.1	none
XDD.2	none
XDD.3	none
XDE	none
XDF	none
XDG	none
XDH	none
XDJ	none
XDK	XDK.1,XDK.2,XDK.3,XDK.4,XDK.5,XDK.6
XDK.1	XDK.1.1,XDK.1.2
XDK.1.1	none
XDK.1.2	none
XDK.2	none
XDK.3	none
XDK.4	XDK.4.1
XDK.4.1	none
XDK.5	none
XDK.6	none
XDL	none
XDM	none
XDN	none
XDP	XDP.1,XDP.2,XDP.3
XDP.1	none
XDP.2	none
XDP.3	none
XDQ	XDQ.1,XDQ.2,XDQ.3
XDQ.1	XDQ.1.1
XDQ.1.1	none
XDQ.2	none
XDQ.3	none
XDR	XDR.1
XDR.1	XDR.1.1,XDR.1.2
XDR.1.1	none
XDR.1.2	none
XDS	none
XDT	none
XDU	none
XDV	XDV.1
XDV.1	XDV.1.1,XDV.1.2,XDV.1.3,XDV.1.4,XDV.1.5,XDV.1.6,XDV.1.7,XDV.1.8,XDV.1.9,XDV.1.10,XDV.1.11
XDV.1.1	none
XDV.1.2	XDV.1.2.1
XDV.1.2.1	none
XDV.1.3	none
XDV.1.4	none
XDV.1.5	none
XDV.1.6	none
XDV.1.7	none
XDV.1.8	none
XDV.1.9	none
XDV.1.10	none
XDV.1.11	none
XDW	none
XDY	none
XDZ	none
XEA	none
XEB	none
XEC	XEC.1
XEC.1	none
XED	none
XEE	none
XEF	none
XEG	none
